,Snipers
0,0x47e317b00862fa05ffc5d0c063dfcd45e9c5e456
1,0x0ed8f275eab9edf99120c4b101c232ff46ef7145
2,0x4941105e6d11cff9be097a837cb68091f59a029c
3,0xf69cd35a7299ba94e6bee03265837d0acb89d44a
4,0x57364d13258bdac76167605d9fb47e958d0d1ab1
5,0xf0bea4a25b280955417b1ca0c2519a5f6e752fae
6,0xaf54743051f61fda465609460f081c9aa426569e
7,0xd395d4a9753310f3940de2673c70c251224e3d07
8,0xb8506be2c700641873108a1a47d8e509157cf231
9,0xf1f0c294d247e8691d1118a86ccc669da3c75ca8
10,0xcafb4ff79d39949d29e2ec4eb6b42c1e7b4d8b2b
11,0x583da21ad0c1171ae4b6cf24d92c46f033a0a794
12,0xedfada8246c5d3e93e8012ffc8a549c32ef75b9c
13,0x17de335cda63c144037b6fe43fadc7f9d0c21bb6
14,0xefa62e5ca8f914d3bb2c9ffa3da9c1cd2bd8bdd2
15,0x4323b6f87e3ad7719b4a2ed791957faf96752bd4
16,0x9e889af7167f7dcbbb5cdafe947f1392b31b2357
17,0x1defc86fa2e22289cf32fb487b48e9f101be6b1c
18,0xe730b30256bd9d3f5cbfdaad0f584307876acd25
19,0x165cc5f47cdb55bad3282b6543cbbf6542e06cdc
20,0x1a597758300f1a7bc253d9b1f3e4d15f9bfbe05e
21,0xdd36c6c74abd4fef4ebcfb42d4622435d5f2c5f0
22,0x00e3f8e167e5de09ec6bb58db232760750ac12e5
23,0x9dcb907faf7e00345beb97cc8395ba89a20be5b9
24,0x51f6c2f8be5ca8bb075c7eb9dd25b2aa0dd37af3
25,0x52ccabeebd9a77c2c8fbf03924f3f2870bcf6f1c
26,0xe1ad30971b83c17e2a24c0334cb45f808abebc87
27,0xe3a44dd2a8c108be56a78635121ec914074da16d
28,0x4df2fa69ef22d59225521e8c03df7efa2b747a1d
29,0x450c0c90706a8cc664e8b496711370b43415715d
30,0x7bfee91193d9df2ac0bfe90191d40f23c773c060
31,0xdbaa8b3ae4409348e7159b0966641d29381ad783
32,0x662127bf82b794a26b7ddb6b495f6a5a20b81738
33,0x22acb809d08ae7c79f0b84513efce0577acfe514
34,0x17d38262ceb5317af645a246b0ce6fc4cc3088f6
35,0x30043aabbcebbd887437ec4f0cfe6d4c0eb5cc64
36,0xbfc7cae0fad9b346270ae8fde24827d2d779ef07
37,0xdd1cbf1cbf81c45c6581d5b870e035a5fe7205d4
38,0x625236038836cecc532664915bd0399647e7826b
39,0xe7f3722a36f1a08c4db998122553785d94081ebf
40,0x0bf4c238a25b66cd869331a692dfd0322708d7fb
41,0xfa75cb0cfda814f7d49891bcdd28308c31e72d63
42,0x88f1706c20d94a4d1551c5f799c9e3380a24c3ac
43,0xb79223e868871dbac27e8e301f73734abd4cc628
