voting_number,timestamp,voter,vote,staked_ANT_amount,tx
0,2019-01-24T00:05:56.000Z,0x17d38262ceb5317af645a246b0ce6fc4cc3088f6,Yes,249.98,0x7bffb2e0cf5e1a73bea38565d25821418344269bd14465d8f02699e9dc8f2efa
0,2019-01-24T01:22:45.000Z,0x2b5afa7a939e475a327c763f725d88e8a92ce342,Yes,1510.761544,0x51947df002e5ac8bb2928e083dfd5d57b9e2ac0bee2628b5225bd3619233fe55
0,2019-01-24T02:44:02.000Z,0x839395e20bbb182fa440d08f850e6c7a8f6f0780,Yes,2987.342012,0x3b62bc58824723f7507f4dfd33b7a9e3ff941a6f7cad8058e09815b0b243314d
0,2019-01-24T03:09:50.000Z,0xd472fa32294977196b9ad47e7865e0d737220e32,Yes,5602.726497,0xac26a765b069f9db78c532e07889599e2c855ec9c36be76469785dc17ffb7f0d
0,2019-01-24T03:10:30.000Z,0xd472fa32294977196b9ad47e7865e0d737220e32,Yes,5602.726497,0x7a620bf8e4f80c0646e2cec6bd9cba108a29e8c17c686f151354755e7f826a0e
0,2019-01-24T03:15:12.000Z,0x915bef8030c3f6e992522ab9fb714ffe6c30156c,Yes,2950.276923,0xe1675ed38be7ddbc77eedee467c1bb35929134067ad23ae4b232b229b955c4c3
0,2019-01-24T04:38:27.000Z,0xbfc7cae0fad9b346270ae8fde24827d2d779ef07,Yes,218.4081505,0x508a0ddc3b9eb6aa5ff9b36fb153fdbcaf00a7dc0eff9c6954b411587c594f88
0,2019-01-24T06:07:19.000Z,0x86e1c887490b57fd84231d048466efea9f1c762a,Yes,202.3750482,0xea0bd8766cee876a464cdb12d9a0a76a800d2177574d01eecac6f544e1c98cc0
0,2019-01-24T07:22:30.000Z,0x450c0c90706a8cc664e8b496711370b43415715d,Yes,47548.26097,0xf7c5abf5932ec0d8f1aac40df5f42a5ae3d43eac275f7bc10b6cefff325a9eb7
0,2019-01-24T11:55:28.000Z,0x47e317b00862fa05ffc5d0c063dfcd45e9c5e456,Yes,3670.12,0x8e6da039b04128089d516832a5390d829584ddd69ac6d909dc75b210ef7cbf0e
0,2019-01-24T15:33:35.000Z,0x0ed8f275eab9edf99120c4b101c232ff46ef7145,Yes,100000,0x3b9ca64c29fabeba89010a1f0766d1755ead8fc0018ab22cc3a5d7e01d30267f
0,2019-01-24T16:35:39.000Z,0x4941105e6d11cff9be097a837cb68091f59a029c,Yes,2501.194388,0x654a52023df344152d199c223830938894dfa603db5912b5f58b2798bf85ba22
0,2019-01-24T16:39:33.000Z,0xf69cd35a7299ba94e6bee03265837d0acb89d44a,Yes,16397.378,0xdbd15ba5eedadf99e58efe271aff2ce42a3c6b7f957c56ae48264786e86d30b9
0,2019-01-24T16:44:33.000Z,0x57364d13258bdac76167605d9fb47e958d0d1ab1,No,415,0x9b43faaa8926bd899d53e8fd875fcbfe55e22dc17e77f3eb116e2f8ad44a64ad
0,2019-01-24T17:03:05.000Z,0xf0bea4a25b280955417b1ca0c2519a5f6e752fae,Yes,243.3878319,0x25dcf687a74b1d7ea8d765a95f56ecedcddf73de6e45602048b915af2d6cb2ab
0,2019-01-24T17:09:19.000Z,0xaf54743051f61fda465609460f081c9aa426569e,Yes,594143,0xc526552ddabd258a7c6cbbd94906e2b000c116bbcd8690e4ba98f3a79856ec03
0,2019-01-24T17:22:31.000Z,0xd395d4a9753310f3940de2673c70c251224e3d07,Yes,0.05363874,0x161ce69ec98d58611447e4a3724179f925feed54ab3291f59ee6afb05f1e6612
0,2019-01-24T18:41:39.000Z,0xb8506be2c700641873108a1a47d8e509157cf231,Yes,207593.4902,0x82134ff0ce2e90c360a866e2480664f2afe88a58d7fa11e8782e39dfcf272d64
0,2019-01-24T22:51:16.000Z,0xf1f0c294d247e8691d1118a86ccc669da3c75ca8,Yes,6169.916293,0xe4201861a97d783705cb641f7db1eb4f3a9a20d9e9fffd17334ee259a801e373
0,2019-01-24T23:20:15.000Z,0xcafb4ff79d39949d29e2ec4eb6b42c1e7b4d8b2b,Yes,46453.40167,0x7533bd71364388a3cf9f7c3d1e5a78c66a736f47b74ed4f3245a80e9c21a2a73
0,2019-01-24T23:26:21.000Z,0x583da21ad0c1171ae4b6cf24d92c46f033a0a794,Yes,100,0xae703669784836c27c42bda64ee8a2cfe4f2e6874489f8e80d661efaa7d4e18a
0,2019-01-25T01:07:07.000Z,0xedfada8246c5d3e93e8012ffc8a549c32ef75b9c,Yes,28.59535556,0x2442f917cce9f092f73a78eb4059194cdd158452e3da6d6c266b80ef1c46efa1
0,2019-01-25T01:26:20.000Z,0x17de335cda63c144037b6fe43fadc7f9d0c21bb6,Yes,4000,0x721b752f9d30ec317e0c8ba3ef7b6cb8e15d60cebe0258490ad546d9dab4781f
0,2019-01-25T02:58:57.000Z,0xefa62e5ca8f914d3bb2c9ffa3da9c1cd2bd8bdd2,Yes,24840,0x3ebf2a56e24955364956c7b4be021a206b6982d156b2b5c4071859295cce0126
0,2019-01-25T03:37:47.000Z,0x4323b6f87e3ad7719b4a2ed791957faf96752bd4,Yes,13317.96704,0x63a86d1ea3fc12686d397d1f7af3761c492e5e9d5e4f6eddd05b03e022a071dc
0,2019-01-25T07:11:00.000Z,0x702eccb2b9bf886e27b0698601dc735501b9b546,No,89575.16863,0x01930b58253308f1286e41d711c56d530e644fb30611ad9aa04ada968726c4e3
0,2019-01-25T07:17:50.000Z,0x52ccabeebd9a77c2c8fbf03924f3f2870bcf6f1c,Yes,226.3003175,0x006daad16c2522881b96c349e4088127f1dbb9217c5bb611785e74c16cc516a8
0,2019-01-25T09:33:23.000Z,0xa4ae57a1b051ff0980bc9dc59c36cd65f0fa7a11,Yes,20390.99009,0xf510773ffd4c4b1cb73d8b532c2b88e06f335a1f4210333b94b60d18833d4c95
0,2019-01-25T10:33:14.000Z,0xa24b814aa745fd03893d6f63082ecd5d6fd0fca2,Yes,100,0x6bf11e99642d9f5cef773108968fbc7752462e967c889ad8c9711cf0d515e4c3
0,2019-01-25T10:38:27.000Z,0xdacc0fd259ce0de2829b38a0765970e7ab65346c,Yes,90.00002093,0xfb243069a6ec20f941f2ec94cee491aa5755421d876a1fd0fe6854df1b7fe770
0,2019-01-25T16:25:25.000Z,0x1786727d7e5f93cb4bda4d13c6bfc32446ef1a8b,Yes,1913140,0xa2e66c5a59a48694502213bc5f692a720b439d4825b6f1f8846123f6815c31ff
0,2019-01-25T18:36:04.000Z,0x80b380422421f42aa2b0f644f76af92115b71cf8,Yes,217.6292114,0xd5436938c7402443ad2f2a7b290f8fbca44b15de07d1317d298e61add7a48359
0,2019-01-25T20:22:14.000Z,0xbc62985faabed27a8f174cbd5ea1ee7b1ed8fc12,Yes,50,0xe68c970b3f74d43800897c1738569df3eca8169f75989e91ab69091bb9fa5d82
1,2019-01-24T00:06:19.000Z,0x17d38262ceb5317af645a246b0ce6fc4cc3088f6,Yes,249.98,0x456c06c79884f0ddd377270b70b0d190348bd39e45c605c6a51d2a69e05f7708
1,2019-01-24T00:29:45.000Z,0x698589dcc2ae6b2348c3416d13360f84b734178d,Yes,70,0x79a789021544b8cb7b0346ddbaa16b91c72a641b445e264b766468df2069ba0a
1,2019-01-24T01:13:00.000Z,0x2b5afa7a939e475a327c763f725d88e8a92ce342,Yes,1510.761544,0x748f14ceb40fbb67b1feb28f09ba0849032e93460ef9d04e9161d27f63ec32f0
1,2019-01-24T02:59:45.000Z,0x839395e20bbb182fa440d08f850e6c7a8f6f0780,Yes,2987.342012,0xcc380ec2003a7d4eb207b02c90809a5fe33d2d47e71c8f21b24cb581ac309f16
1,2019-01-24T03:16:56.000Z,0xd472fa32294977196b9ad47e7865e0d737220e32,Yes,5602.726497,0xa03293ac93c0373b66ca1374c2e73354668e18d8f5a8e5376053138739d8750f
1,2019-01-24T04:41:16.000Z,0xbfc7cae0fad9b346270ae8fde24827d2d779ef07,Yes,218.4081505,0x2e44ca3e0eea460e663f77d66ad457e3526d46098915dd3e8822e85d7aa75443
1,2019-01-24T07:25:30.000Z,0x450c0c90706a8cc664e8b496711370b43415715d,Yes,47548.26097,0xa070af0e5726e4ef4abd42ceb51e9609eb807133b828ea6d9a579ebd432a7431
1,2019-01-24T08:22:03.000Z,0xc7b51a1637f86f130686eebd1aae67c051888351,Yes,24.1633327,0x1b40e18d95660a4700511a7db09a4957f41959fe0a5d9eafe66ecb1893a4c104
1,2019-01-24T08:38:09.000Z,0xd78afb4faaf508e0a59dac46ebdaeddd5b3891df,Yes,517.4138934,0x6af7ca765d01bfb604e3173ba9701c64ca31dc641f6ac8190a2d21f9d65de87e
1,2019-01-24T09:21:20.000Z,0xb62e27446079c2f2575c79274cd905bf1e1e4edb,Yes,4804.08711,0x2d93156c3dcf2da1452676b325460e967090837a50b046e83ecee3e503303c78
1,2019-01-24T12:11:32.000Z,0x47e317b00862fa05ffc5d0c063dfcd45e9c5e456,Yes,3670.12,0x05c7bbf638851c7c3ada89b87b6fc76e6982a0ae7edd23bae1402bb69e3e275f
1,2019-01-24T16:37:20.000Z,0x4941105e6d11cff9be097a837cb68091f59a029c,Yes,2501.194388,0x1bc9bee1c373e5d1a02e44874bcde8d5ea039bf90d786521c6f95a10f15cf4bd
1,2019-01-24T16:42:07.000Z,0xf69cd35a7299ba94e6bee03265837d0acb89d44a,Yes,16397.378,0x2e5a735c9223c008f46f7503c49682ff88da4464b5b99e65d37ec0288c2c98d2
1,2019-01-24T16:48:53.000Z,0x57364d13258bdac76167605d9fb47e958d0d1ab1,Yes,415,0x702a06981b1d29c169682f925f3fb0bcfc51a61394d5bdb085f7d604133263e6
1,2019-01-24T17:03:41.000Z,0xf0bea4a25b280955417b1ca0c2519a5f6e752fae,Yes,243.3878319,0xf9ed9b26ac6ea2cd6333f9e5146ae9ca40ca4227bea754cea71d7333728baf66
1,2019-01-24T17:19:08.000Z,0x9e889af7167f7dcbbb5cdafe947f1392b31b2357,Yes,17.7,0xff95d470a21dbbb8995506be530499fdcd56c3f25e2ed39b22d91019ed17453b
1,2019-01-24T17:23:12.000Z,0xd395d4a9753310f3940de2673c70c251224e3d07,Yes,0.05363874,0x0e3635cd3419b6cb8c32371fb1bf961affd61f23c5a6cba940e0b64bc394756d
1,2019-01-24T18:51:20.000Z,0xb8506be2c700641873108a1a47d8e509157cf231,Yes,207593.4902,0x528954d824c6b231fed744140a03e52e306c41925c531bf0335b83aef874846f
1,2019-01-24T18:52:13.000Z,0xb8506be2c700641873108a1a47d8e509157cf231,Yes,207593.4902,0xf59e1320d2544fee4f69616e978a8c9b72f153af2df8bbec20f84b9475a57140
1,2019-01-24T19:02:25.000Z,0x1defc86fa2e22289cf32fb487b48e9f101be6b1c,Yes,376.2098923,0xd6217535ff9d30188e032480837c2db7abf7f6a6b99d552c97813c6e99980025
1,2019-01-24T22:51:34.000Z,0xf1f0c294d247e8691d1118a86ccc669da3c75ca8,Yes,6169.916293,0x267c85260ebd09410aa0ca44ee7314aa8169ce8b89296a8ebb3ab464e8098b0f
1,2019-01-24T23:20:48.000Z,0xcafb4ff79d39949d29e2ec4eb6b42c1e7b4d8b2b,Yes,46453.40167,0x52de3f504dcd0b916a8c0de25109a64dbc5de92eff86af2ff6bec41c39299dda
1,2019-01-24T23:27:20.000Z,0x583da21ad0c1171ae4b6cf24d92c46f033a0a794,No,100,0xfaaa0624660bcffb9479d9665fd925354a00d405044ec307b70204bc4a726e13
1,2019-01-25T00:56:53.000Z,0xedfada8246c5d3e93e8012ffc8a549c32ef75b9c,Yes,28.59535556,0x007dfa66ac281e53f76741b7a207c0769dab3ad1278ecfbf56e72a04c9836cb1
1,2019-01-25T01:25:54.000Z,0x17de335cda63c144037b6fe43fadc7f9d0c21bb6,Yes,4000,0x0096aa16b4cb66b4752eed5ebd3ffe67fe74921a7a175ba948a234102bba4790
1,2019-01-25T03:19:31.000Z,0xefa62e5ca8f914d3bb2c9ffa3da9c1cd2bd8bdd2,Yes,24840,0x7279e6b8edb5b6ebc4050785ca24fe0c7dae5773b357dde6f272943adad2caa2
1,2019-01-25T07:11:00.000Z,0x702eccb2b9bf886e27b0698601dc735501b9b546,Yes,89575.16863,0x21e4caae815ebd88ba36f06357c33d96d69e821b6f65701970344460c5ea8ab7
1,2019-01-25T07:23:12.000Z,0x52ccabeebd9a77c2c8fbf03924f3f2870bcf6f1c,Yes,226.3003175,0x9638fc1cc696e9a6ad94f0b86322e6c995ca163fd53dc38b7537f436823f7190
1,2019-01-25T09:33:38.000Z,0xa4ae57a1b051ff0980bc9dc59c36cd65f0fa7a11,Yes,20390.99009,0x7afc874bf9a22863cd9e82ff1c83354cc5a6da737b1e9a6e522faa712ca8b74f
1,2019-01-25T10:03:57.000Z,0xa34f16c747e7eb21a32c28bde173c2fb099c70a1,Yes,102269.2319,0xf4f3b8f07c76a1abb2d26e734f213c05f43ec2031f877957c99b341c3f164ff5
1,2019-01-25T10:34:13.000Z,0xa24b814aa745fd03893d6f63082ecd5d6fd0fca2,Yes,100,0x0e5747ed22b46e1714be042d51d65e5b3a1aaeffbb71c7adf24be12369f3aed0
1,2019-01-25T10:56:00.000Z,0xdacc0fd259ce0de2829b38a0765970e7ab65346c,Yes,90.00002093,0x714c72509045f63488b52cd782a27d6db7fdefeb0ec12d19ab0f230910b78cad
1,2019-01-25T11:52:57.000Z,0xf925fdaea552d36a5291335941ab7a046f960a80,Yes,13.7,0xd10fe9e8d98fa8e1b28bedab8f5149acf513089cf5ff73b840d9de0f32de220c
1,2019-01-25T18:21:37.000Z,0x471c1bbf19cd5a7b57e66f82a5b0d1668c8d65f9,Yes,396770.7994,0xc176f49846f35fcbca0d1a04bf019b5f5658ed25cdec1499b11f51abc9bec030
1,2019-01-25T18:38:32.000Z,0x80b380422421f42aa2b0f644f76af92115b71cf8,No,217.6292114,0xd29cc2ec37dddde99e1a04fdc31ea34dd8aa6d445fd44a759727a13c891c62fb
2,2019-01-24T00:03:05.000Z,0x17d38262ceb5317af645a246b0ce6fc4cc3088f6,Yes,249.98,0xc8fcfe2613396e124e451a729d9552466d7bcf8244477104770f9e7fe13fe3c8
2,2019-01-24T01:15:29.000Z,0x2b5afa7a939e475a327c763f725d88e8a92ce342,Yes,1510.761544,0xc6b3713977b47ed98c82be1ea0984c7fd57f7ff20b40739c21820849afeb5fb3
2,2019-01-24T02:50:41.000Z,0x839395e20bbb182fa440d08f850e6c7a8f6f0780,Yes,2987.342012,0x4021fcdba94f45d9fbed62f954ca6a9b81f28e64746fa4661fd0bfc969c073d2
2,2019-01-24T03:18:23.000Z,0xd472fa32294977196b9ad47e7865e0d737220e32,Yes,5602.726497,0x8f26023be5905fb57ff00dec4a3220633e633470305d84669c0b562e9b9f4e5a
2,2019-01-24T04:32:54.000Z,0xbfc7cae0fad9b346270ae8fde24827d2d779ef07,Yes,218.4081505,0x3a22ed0365c34fb8e47acaab328cc1b52fcb45b2305aa0d0cfac787633845fcd
2,2019-01-24T06:02:31.000Z,0x86e1c887490b57fd84231d048466efea9f1c762a,Yes,202.3750482,0x3b59945c3cb76c1a403da21f27fc3290d810b0555f517e6df2f2a8d48c18f045
2,2019-01-24T07:23:18.000Z,0x450c0c90706a8cc664e8b496711370b43415715d,Yes,47548.26097,0x1e3fb2b2326d95094ef5ffee52c0da04bac98706199072b639cc2b4e12b99729
2,2019-01-24T08:38:36.000Z,0xd78afb4faaf508e0a59dac46ebdaeddd5b3891df,Yes,517.4138934,0x7370ea89d7f82db044ba271369aff3074df938e3229a26ae18fb6f2bc759247f
2,2019-01-24T09:13:15.000Z,0x79ef17f3a5ddf966c914b3de0dfc629faa820bfb,Yes,1248.7,0x696859fff47eeb209625511c23b517c84b69a6779298ab04bf45050d3cb32f0c
2,2019-01-24T12:54:26.000Z,0x47e317b00862fa05ffc5d0c063dfcd45e9c5e456,Yes,3670.12,0x70ae1b70626b8ea0e2fa67b8f574fabd1fc20f350f779bb57c9f7ba47b3f6e2c
2,2019-01-24T15:19:29.000Z,0x4941105e6d11cff9be097a837cb68091f59a029c,Yes,2501.194388,0x3746735db18ae2413a273122653faaa2c565e87442dfc0a4f11a657030fdb4dd
2,2019-01-24T15:28:40.000Z,0x0ed8f275eab9edf99120c4b101c232ff46ef7145,Yes,100000,0xd4018fc37dd55f3826837be66f339ed7c7afd79d6d40cd557d6f3c02aa0760a9
2,2019-01-24T16:44:33.000Z,0xf69cd35a7299ba94e6bee03265837d0acb89d44a,Yes,16397.378,0x7f166198827e6a857a1fcf405976ed8eed06d058f99813a9730e3709926b4cb0
2,2019-01-24T16:50:20.000Z,0xf0bea4a25b280955417b1ca0c2519a5f6e752fae,Yes,243.3878319,0x348ffaf0d4468eccd88f7a8986c527d71ac8ed74142c7ad4db01adf23a237276
2,2019-01-24T17:02:20.000Z,0xaf54743051f61fda465609460f081c9aa426569e,Yes,594143,0xc5d14814185616e917d59f6d0198acebb7f7594807e99156c5b790c200e59551
2,2019-01-24T17:18:27.000Z,0xd395d4a9753310f3940de2673c70c251224e3d07,Yes,0.05363874,0xeae7cb5f3323217d602f8bdaec1da2fb5bab17944ee6172787635a3e8b48e88b
2,2019-01-24T18:42:56.000Z,0xb8506be2c700641873108a1a47d8e509157cf231,Yes,207593.4902,0x3fdacf8e72a9cdd72230ae7b0aecb08b38f88fe2798e5013bd1fa8272b9aafa4
2,2019-01-24T22:43:35.000Z,0xf1f0c294d247e8691d1118a86ccc669da3c75ca8,Yes,6169.916293,0xf07882894f911770b228c433d0310c8f9ec184683760276bbb1d68189fdeaa0e
2,2019-01-24T23:10:47.000Z,0xcafb4ff79d39949d29e2ec4eb6b42c1e7b4d8b2b,Yes,46453.40167,0x946c42c294ea0eff8e46c5c2d205e497bc9fd98f726b287b32943f76dd3af295
2,2019-01-24T23:36:13.000Z,0x583da21ad0c1171ae4b6cf24d92c46f033a0a794,No,100,0x9355edbd2217a725ca678a0cfdf72ec3ea8d1138a875ba60b5f8855862cc5dbc
2,2019-01-25T01:27:35.000Z,0x17de335cda63c144037b6fe43fadc7f9d0c21bb6,Yes,4000,0x611e713dcb826396efdb41206945ec7305b53284d7594efc192fa85052bcc99e
2,2019-01-25T07:26:07.000Z,0x52ccabeebd9a77c2c8fbf03924f3f2870bcf6f1c,Yes,226.3003175,0x0aa0aabfa7d2c90602a99d2c0f8393937640575f4f64f87e91d490caf0893c74
2,2019-01-25T07:40:27.000Z,0x90fc1f495111329a1669716a149b7da88bdcb234,Yes,2097.994,0xa16a903fe76f68b46deb629e075dec500658ad540714189cac54870991d10537
2,2019-01-25T09:34:20.000Z,0xa4ae57a1b051ff0980bc9dc59c36cd65f0fa7a11,Yes,20390.99009,0xf29df9097853c42f43405153243672aaffb42167ec18f162a7476b70847a37ab
2,2019-01-25T10:17:42.000Z,0xa24b814aa745fd03893d6f63082ecd5d6fd0fca2,Yes,100,0xaabf0f7435ff3a14eb7325e779a0d3fc0efed8e9076c05c8419a5de0a3d8fd14
2,2019-01-25T11:49:57.000Z,0xf925fdaea552d36a5291335941ab7a046f960a80,Yes,13.7,0xc5060279e54e337a30fd54faa93353f17f68cb20510c3eda0501dd235944a247
2,2019-01-25T16:22:07.000Z,0x1786727d7e5f93cb4bda4d13c6bfc32446ef1a8b,Yes,1913140,0xa7822752d4de8401cc5ffd38bd64a9ec4300fe7aab1bf650db6021b430a88b2d
2,2019-01-25T17:48:21.000Z,0x2e9df3b028d0d9511aa1ccc86fa1afe08c9bcd7d,Yes,5986.138796,0xff899cf3e076bb3e0da2f10fc76753a1f167986ee11fc1bf885e5c8557822905
2,2019-01-25T18:27:50.000Z,0x80b380422421f42aa2b0f644f76af92115b71cf8,Yes,217.6292114,0x03663e08c62a1864b883c31ad2aef27f67ee5d17ce64574b8aabac78813410fb
2,2019-01-25T19:47:30.000Z,0x0c183a1c84c37f073f4486f1ce0ba3601277657b,Yes,8826.757072,0x3f35c1016722b41966c905e96b149e020f10717d4a3788ed225908ec9adfc884
3,2019-01-24T00:03:30.000Z,0x17d38262ceb5317af645a246b0ce6fc4cc3088f6,No,249.98,0x3967119e7944e89722578ab3282c560cab7786a2ca331dd3c81daa84ff52e94f
3,2019-01-24T03:02:09.000Z,0x839395e20bbb182fa440d08f850e6c7a8f6f0780,Yes,2987.342012,0x12ad41b1285043fce23cfba3c5c02bedcb1a4357faaed6f6152c2da6dc25b2dd
3,2019-01-24T03:19:18.000Z,0xd472fa32294977196b9ad47e7865e0d737220e32,No,5602.726497,0x8a2505e00573457336d9a117ec652daa4c9d528cd5f0fe7378dca98b69af210d
3,2019-01-24T04:37:27.000Z,0xbfc7cae0fad9b346270ae8fde24827d2d779ef07,No,218.4081505,0x75287c640f77dd7b450076945e585eeb5b4e861233c742f9a2f32b58ad5551cc
3,2019-01-24T07:21:40.000Z,0x450c0c90706a8cc664e8b496711370b43415715d,Yes,47548.26097,0xa02af7c8a6b090d7e0b8a6e99a0150c1c7d941d1579ee8c1684ac33926906e47
3,2019-01-24T11:55:28.000Z,0x5e426404817c8009c4118dc089fca86e5506c46b,Yes,32.30727711,0x1fe1ca1d2bf58633a3e45fcdecdbf3ea411054d8b5e9771787a80d03fe6b30ac
3,2019-01-24T12:11:03.000Z,0x30043aabbcebbd887437ec4f0cfe6d4c0eb5cc64,Yes,1999.99,0x45f0f4f3d5a954b5f3c5d243b28174e1d9575f2c3cc57ec7042757d0203b3abb
3,2019-01-24T15:29:50.000Z,0x4941105e6d11cff9be097a837cb68091f59a029c,Yes,2501.194388,0x2ec62bef7e17b49e9a86a68ba04f2f2018dbff9fb9f5aa3e45616b372ce7c574
3,2019-01-24T16:45:22.000Z,0xf69cd35a7299ba94e6bee03265837d0acb89d44a,Yes,16397.378,0x090e5f7b055c9576dff858ac2f46070dc3189e6ce23cd42de9c9168d7091fda3
3,2019-01-24T16:51:21.000Z,0xf0bea4a25b280955417b1ca0c2519a5f6e752fae,Yes,243.3878319,0xcb0339ab6847e5798a7e694beb6b876e22047856ce0342cd6f327c0c55ecc57e
3,2019-01-24T17:02:20.000Z,0xaf54743051f61fda465609460f081c9aa426569e,Yes,594143,0x9c640bcb73b6d6e992f4ee0190cdaf943bbc9e9048d655881450fbc105d3dc09
3,2019-01-24T17:18:50.000Z,0xd395d4a9753310f3940de2673c70c251224e3d07,Yes,0.05363874,0xd7e38c7e62a11e3a0c45f799c38b7fa5ea95d0d5da242ff7aaf622498d37f7a1
3,2019-01-24T18:43:28.000Z,0xb8506be2c700641873108a1a47d8e509157cf231,Yes,207593.4902,0xdfba0e997a15bd5e92f10d51d579199a667cadcdafc46c8a3fc5236a2d266f94
3,2019-01-24T19:01:08.000Z,0x1defc86fa2e22289cf32fb487b48e9f101be6b1c,No,376.2098923,0xf93c65764645453c4ba68e46f4f484456c9dd42bc16eb5d44bf0e3c4a1564f93
3,2019-01-24T22:44:05.000Z,0xf1f0c294d247e8691d1118a86ccc669da3c75ca8,Yes,6169.916293,0x5260b43626f3174ca62f2776da0844741438b994d45bebea83db3afa66e0fcec
3,2019-01-24T23:12:13.000Z,0xcafb4ff79d39949d29e2ec4eb6b42c1e7b4d8b2b,Yes,46453.40167,0x72dab1da066d9521f11499e4a4294b755560fce4c4c1c1c0931cce7a67b9e4ef
3,2019-01-25T00:56:16.000Z,0xedfada8246c5d3e93e8012ffc8a549c32ef75b9c,Yes,28.59535556,0x9e56cc0ee568f82206ff355cfabe2d5063cadffc82d32fb0c0bf3a047ed0a479
3,2019-01-25T01:28:37.000Z,0x17de335cda63c144037b6fe43fadc7f9d0c21bb6,Yes,4000,0xda6e84e3eb119908d9d1138d972cb33d11ba6465591115d483040ee5487b179e
3,2019-01-25T03:04:06.000Z,0xefa62e5ca8f914d3bb2c9ffa3da9c1cd2bd8bdd2,No,24840,0xae556341e9ce557ade418f2e482159e9b7f7ed3ec0cab6f99be59f0cab344c75
3,2019-01-25T03:43:55.000Z,0x4323b6f87e3ad7719b4a2ed791957faf96752bd4,No,13317.96704,0x9e113a175b354b03c680a4f52ed832d3fcce50ff0922c2468efefe0b14e7e192
3,2019-01-25T07:11:22.000Z,0x702eccb2b9bf886e27b0698601dc735501b9b546,Yes,89575.16863,0xd0d0b3e9dd3f2cb1c908cacaea99d9b22a4d5451df55b6f364a5aca570f3ac6b
3,2019-01-25T07:28:31.000Z,0x52ccabeebd9a77c2c8fbf03924f3f2870bcf6f1c,Yes,226.3003175,0xe9c5a7fce86d7b4c8dbd570081cd38019e9fc867a779b7dc06a970f4febaa9f8
3,2019-01-25T07:40:27.000Z,0x90fc1f495111329a1669716a149b7da88bdcb234,Yes,2097.994,0xca75167f3e2602c218ca8e8c1d0257224f2fe6fc409cc2eb8fdab2f280ca4111
3,2019-01-25T09:36:58.000Z,0xa4ae57a1b051ff0980bc9dc59c36cd65f0fa7a11,Yes,20390.99009,0x12fb42f4e8b395c64fe10f9687d6464347b2144755841f4a9422c423964a04da
3,2019-01-25T10:22:11.000Z,0xa24b814aa745fd03893d6f63082ecd5d6fd0fca2,Yes,100,0x2e643cb6e86ba232fee2469038c8d52f6d3ef6f8105f15aba3e005920d232ec8
3,2019-01-25T11:51:25.000Z,0xf925fdaea552d36a5291335941ab7a046f960a80,No,13.7,0xede6e1351007041f4cc49f384dbb1d8d27265c6b7d262001c3595782cfedbe0f
3,2019-01-25T22:13:22.000Z,0x0fd297255ec21fbb88dee67cb8bbc372a593c539,Yes,338.8166126,0x6661d1a925426f0d5bcf996dde406064f14cf34ea841ea3584330388e2b7830d
4,2019-01-24T00:03:31.000Z,0x17d38262ceb5317af645a246b0ce6fc4cc3088f6,Yes,249.98,0xae615c560a13233184ae392213c6bc1692d992aa99576a43a46c71f18e689c34
4,2019-01-24T00:19:15.000Z,0xad2dcb058f10b4e11611f9c1fc0aa1a532e270d6,Yes,1800,0x7053f6ea781c944c8521ac0354d2dbbcd9f62d2c7b4015cd21777634fccc5b44
4,2019-01-24T01:16:29.000Z,0x2b5afa7a939e475a327c763f725d88e8a92ce342,Yes,1510.761544,0x1705f09480d9ed109ed7ec14badee925be98234e537f20fd3287fa5223021937
4,2019-01-24T03:04:44.000Z,0x839395e20bbb182fa440d08f850e6c7a8f6f0780,Yes,2987.342012,0x080fb439ebcbccfd3776dc59cce0adfb9a27a1431e3476644043108a45b28467
4,2019-01-24T03:20:48.000Z,0xd472fa32294977196b9ad47e7865e0d737220e32,Yes,5602.726497,0xa18da9f1596dc4662541ee8def3f6a5edce0d3bf9e1515db933c11e5121af359
4,2019-01-24T04:39:21.000Z,0xbfc7cae0fad9b346270ae8fde24827d2d779ef07,Yes,218.4081505,0xb465ebbe8777c01573e07a81f4e43c85f3fc0a3a5b9d88ccbe3970f6d828c45c
4,2019-01-24T06:04:10.000Z,0x86e1c887490b57fd84231d048466efea9f1c762a,Yes,202.3750482,0x5d13b8d0daae92ebb48de7885ffb7b45a3e026fbb09f21bc6a67ef7263aaf5cd
4,2019-01-24T07:26:15.000Z,0x450c0c90706a8cc664e8b496711370b43415715d,Yes,47548.26097,0xcd99ce6ee5e872583092c05d80ab3d20c6f0b0f0820928cb378fd4f9755a7b66
4,2019-01-24T08:22:49.000Z,0xc7b51a1637f86f130686eebd1aae67c051888351,Yes,24.1633327,0x6fb980ffb842c53875ce32b014eaa4e81e9677104398aa91073a5cb5c11da188
4,2019-01-24T12:58:20.000Z,0x47e317b00862fa05ffc5d0c063dfcd45e9c5e456,Yes,3670.12,0xa73d6c47b910c9bfa5206729e1a9efa3c917e3a0dc07fdfcfae0bbce6db75d94
4,2019-01-24T15:29:50.000Z,0x4941105e6d11cff9be097a837cb68091f59a029c,Yes,2501.194388,0x6e410786d13ab6b6627284349723c258581f6607db2f96612cc1ef6f2b36c3cf
4,2019-01-24T15:33:03.000Z,0x0ed8f275eab9edf99120c4b101c232ff46ef7145,Yes,100000,0xa4c33cdeb30922a26b0ec027978b8ed4f9100638862f1ce76a9822fe4c704cdc
4,2019-01-24T16:52:21.000Z,0xf0bea4a25b280955417b1ca0c2519a5f6e752fae,Yes,243.3878319,0xf15251e0f97ca1c7f85b85643b4cd0c673b920c4b37d965621a3906776f5fc73
4,2019-01-24T16:53:21.000Z,0xf69cd35a7299ba94e6bee03265837d0acb89d44a,Yes,16397.378,0x6573c09c2067033ae99517745118b1b5b2eb6b8403763b68422004d03a3e314f
4,2019-01-24T17:03:05.000Z,0xaf54743051f61fda465609460f081c9aa426569e,Yes,594143,0x9e8414fc4cf9c095ad409024b977d9d2911e83a1958ba8f262ed1fc4ee4759d6
4,2019-01-24T17:18:50.000Z,0xd395d4a9753310f3940de2673c70c251224e3d07,Yes,0.05363874,0xedd35aaa2e64746f2b41d69ddf877e409ec3762c14e08981e35a34569037cc3b
4,2019-01-24T18:43:34.000Z,0xb8506be2c700641873108a1a47d8e509157cf231,Yes,207593.4902,0x38d6a70939765e5d3c96a1a3e1fecb348000dc1edb47a2c723cc55585e0490f9
4,2019-01-24T19:00:39.000Z,0x1defc86fa2e22289cf32fb487b48e9f101be6b1c,Yes,376.2098923,0xfa5849a90b540280cc876cf9c4ac63efa9bb154d771b6cdd5236a99e313414b7
4,2019-01-24T22:47:42.000Z,0xf1f0c294d247e8691d1118a86ccc669da3c75ca8,Yes,6169.916293,0x9ff0944b092ac2105c717e7910cfa6f49fc7afcaf777a245785e3146a9a127e8
4,2019-01-24T23:12:26.000Z,0xcafb4ff79d39949d29e2ec4eb6b42c1e7b4d8b2b,Yes,46453.40167,0xa687bb64c8d8a63941a3254524d279d7cb0d290418261a54afdfb26fbe28c803
4,2019-01-24T23:31:04.000Z,0x583da21ad0c1171ae4b6cf24d92c46f033a0a794,Yes,100,0xb6176d562cb16cad060a8691ce675e68a54a7562179e39f55c37cedfaca30eb1
4,2019-01-25T01:10:43.000Z,0xedfada8246c5d3e93e8012ffc8a549c32ef75b9c,Yes,28.59535556,0x0ff7b1ac554a0a300cf5bb09d17e96c2d59b1a576b6f6eb2c59f1be360bdec38
4,2019-01-25T01:37:52.000Z,0x17de335cda63c144037b6fe43fadc7f9d0c21bb6,Yes,4000,0xcc49b9dc9c11cba9db80b7685275b488e1397a85b669db8636953bfbef496cf8
4,2019-01-25T02:59:39.000Z,0xefa62e5ca8f914d3bb2c9ffa3da9c1cd2bd8bdd2,Yes,24840,0xdb424f03438bd3109eaa3e6030b44413c1c7e4034f55f71e2b73a435934285cc
4,2019-01-25T03:44:56.000Z,0x4323b6f87e3ad7719b4a2ed791957faf96752bd4,Yes,13317.96704,0x144d8d58081ea908161a5e2d9dbebc0ff360303d0bf5212f4c351a5c437d1819
4,2019-01-25T07:11:09.000Z,0x702eccb2b9bf886e27b0698601dc735501b9b546,Yes,89575.16863,0x0efbd9c4faf707f3e2792498a94092a7cc0c6bd42e09338294b617f4983750a1
4,2019-01-25T07:42:13.000Z,0x52ccabeebd9a77c2c8fbf03924f3f2870bcf6f1c,Yes,226.3003175,0xf07e78d8219d1dc56090c1bdd164a16811797bd0feceb6552af92b0ba35f22b4
4,2019-01-25T09:38:22.000Z,0xa4ae57a1b051ff0980bc9dc59c36cd65f0fa7a11,Yes,20390.99009,0x37c58eca3a26c035df5c8699a23bffc2657110de00c081377da36f0f7fdcb071
4,2019-01-25T10:23:02.000Z,0xa24b814aa745fd03893d6f63082ecd5d6fd0fca2,Yes,100,0xaa2635a05a4ec3ae4bd8df2b06c041c3edda774b6a4499213c6d2cc9f93aa116
4,2019-01-25T11:51:41.000Z,0xf925fdaea552d36a5291335941ab7a046f960a80,Yes,13.7,0xeed036bcf4fd9df2c286130ee037ab008b05d5f9ba1094767593e6aa4b84ce00
4,2019-01-25T16:20:12.000Z,0x1786727d7e5f93cb4bda4d13c6bfc32446ef1a8b,Yes,1913140,0x1a80a25efee02febd0a15f6b77170f87df538525548543d4da5856bb7129939e
4,2019-01-25T18:27:50.000Z,0x80b380422421f42aa2b0f644f76af92115b71cf8,Yes,217.6292114,0x473c2f60dd435789161735fc146dd68694f6dd5ff2d2e78dcdaf6ddfba3a1d0d
4,2019-01-25T20:19:05.000Z,0xbc62985faabed27a8f174cbd5ea1ee7b1ed8fc12,Yes,50,0x8bbbc7c67b55351be974942cb5a8f2a23d9099682f218591f20c80efa1c72ecd
4,2019-01-25T20:34:01.000Z,0x0f01a0c3f5255745f31a7fbd555ec6461f405287,Yes,10,0x141414f584576ce2e651766eaad58a2864e91b134076c82fba22fbc505c98437
5,2019-01-24T00:02:40.000Z,0x915bef8030c3f6e992522ab9fb714ffe6c30156c,Yes,2950.276923,0xb0d02a05cd2a462728d95ce6a417bb26ea004b1b86b47e9e1042cba61b6b2d66
5,2019-01-24T00:04:18.000Z,0x17d38262ceb5317af645a246b0ce6fc4cc3088f6,No,249.98,0xac5e928d1bf9ec8beb5e125f45ddbdefbd08ef8c1302ccb962f33c7804b65722
5,2019-01-24T02:50:29.000Z,0x839395e20bbb182fa440d08f850e6c7a8f6f0780,Yes,2987.342012,0x6195c4f6007c2cd3e3c5f3d9c5d9210802ecd3d264db09cc748c50effeca91a8
5,2019-01-24T03:22:54.000Z,0xd472fa32294977196b9ad47e7865e0d737220e32,No,5602.726497,0x7c56296aa7ee49d5403990d634fb49a92a3e237034d3042ed9df7fafd309bbaf
5,2019-01-24T04:53:27.000Z,0xbfc7cae0fad9b346270ae8fde24827d2d779ef07,No,218.4081505,0x1e0e6276b763abd6998e8639d997af795cd9dcc8ebde2c35ff0659b44b6b650a
5,2019-01-24T04:55:06.000Z,0x0bf4c238a25b66cd869331a692dfd0322708d7fb,No,25.71870149,0x63993b5452bc5ad21380252af147cdfb7e93b327aa7c70bde73b7fe268a477d4
5,2019-01-24T07:19:53.000Z,0x450c0c90706a8cc664e8b496711370b43415715d,Yes,47548.26097,0xc7ef36789358ecbf5f0df43f12247fb1f78528fa33b38db2ed43a66790e442a2
5,2019-01-24T09:20:56.000Z,0xb62e27446079c2f2575c79274cd905bf1e1e4edb,Yes,4804.08711,0x22d31aafc0acd75d20c7fe7c0990689d4e92eca70f4464cf5855956aa19fb18c
5,2019-01-24T15:40:05.000Z,0x0ed8f275eab9edf99120c4b101c232ff46ef7145,No,100000,0x580fb80919f096239534d75f3957caa724435b620c98f627d04e8567f799a193
5,2019-01-24T16:41:53.000Z,0x57364d13258bdac76167605d9fb47e958d0d1ab1,No,415,0xe6efaefdd4b82ac5352dec69a9501985abf1ee0667fcfddb5a9dde3e5c6e0329
5,2019-01-24T16:58:13.000Z,0xf0bea4a25b280955417b1ca0c2519a5f6e752fae,No,243.3878319,0x48f51a12e3995b9dc2cc4c648b3bb640dd80c2f91faf434b4b3b53b10afc6535
5,2019-01-24T16:58:50.000Z,0xf69cd35a7299ba94e6bee03265837d0acb89d44a,No,16397.378,0x1fa5039af5c470b1c0f5c386041609edb47ea32d78c44ef60be69acc246e21a1
5,2019-01-24T17:19:08.000Z,0xd395d4a9753310f3940de2673c70c251224e3d07,No,0.05363874,0x43b66b1ea11544288648803d0c317d2dfbe63ad739f7c921dea1304b89d69bca
5,2019-01-24T22:48:02.000Z,0xf1f0c294d247e8691d1118a86ccc669da3c75ca8,No,6169.916293,0x560cbcf45dc2d4e4ef7363cb60829105b70650a0d13b8b2a903e80e6486c76c9
5,2019-01-24T23:25:50.000Z,0xcafb4ff79d39949d29e2ec4eb6b42c1e7b4d8b2b,No,46453.40167,0x5cf449d23b52d3a81437c86ff4cefc93386b002fcb7f0bd47beede100ddc9660
5,2019-01-24T23:32:29.000Z,0x583da21ad0c1171ae4b6cf24d92c46f033a0a794,No,100,0x0d292f2cd348c9a6e1666266d71794ca3c01cdd262949c96320608777c53324c
5,2019-01-25T01:33:37.000Z,0x17de335cda63c144037b6fe43fadc7f9d0c21bb6,Yes,4000,0x2f7d355c6ac46f025487c6348e34d81c4fce5d4589e49324d640a9188b9b4605
5,2019-01-25T07:42:47.000Z,0x90fc1f495111329a1669716a149b7da88bdcb234,Yes,2097.994,0x943b7033c20937267f113346e4c72f83ee1771b12d1b437c37ea4d39136ce3e4
5,2019-01-25T09:39:02.000Z,0xa34f16c747e7eb21a32c28bde173c2fb099c70a1,Yes,102269.2319,0x4d47c8cefe21a9473314135a57bbfb70100ec59ba6e4bc0b03a21f6ec2ca8e77
5,2019-01-25T09:41:28.000Z,0xa4ae57a1b051ff0980bc9dc59c36cd65f0fa7a11,Yes,20390.99009,0x9511b4a49eab6a4ec06077489e147223d0075e7de40e4395d4df0645430554b9
5,2019-01-25T10:08:48.000Z,0xaf54743051f61fda465609460f081c9aa426569e,Yes,594143,0xbcf59ef319a4f78e64ed75f1dacf397295ce400fa2d47ff8760d4a5d2e53867d
5,2019-01-25T11:51:56.000Z,0xf925fdaea552d36a5291335941ab7a046f960a80,Yes,13.7,0x27382a27d5dcb262ac92181e7300642a60e10df08f4d418b9dc37094b8105174
5,2019-01-25T18:56:20.000Z,0xb8506be2c700641873108a1a47d8e509157cf231,Yes,207593.4902,0x63c1e1c0df9aec0af2eeb779e1c1ee05524b72ab9332200e3f4bf85641e1c31f
5,2019-01-25T22:36:43.000Z,0x0fd297255ec21fbb88dee67cb8bbc372a593c539,Yes,338.8166126,0x9366d583bf11dbee884770d94563051a7c297afe69ee95adf354cf336ea301ee
5,2019-01-25T23:16:15.000Z,0x4941105e6d11cff9be097a837cb68091f59a029c,Yes,2501.194388,0x7c647a5a8d12085960f308bdb1be8de93d1030a38128fb76de90b1329018ed30
6,2019-01-24T01:20:15.000Z,0x2b5afa7a939e475a327c763f725d88e8a92ce342,Yes,1510.761544,0x9326132be1347242c94bc62827ca30d2f916d94ad9abe952a9c1acbfca27e0be
6,2019-01-24T02:45:02.000Z,0x839395e20bbb182fa440d08f850e6c7a8f6f0780,Yes,2987.342012,0xb95a8446fa0383676edc9395e80c61ff295b390e3b75073b16eb1532cd98d81b
6,2019-01-24T03:23:51.000Z,0xd472fa32294977196b9ad47e7865e0d737220e32,Yes,5602.726497,0x65714bd3c58df42ace8339af802c3f0766ec538bb0b725692d90cb4c91cc5950
6,2019-01-24T04:30:38.000Z,0xbfc7cae0fad9b346270ae8fde24827d2d779ef07,Yes,218.4081505,0x618dc2d8590bf71f2ab69e4786025c40cef45d298c048ebdaaaedf6fcc95cad6
6,2019-01-24T06:01:42.000Z,0x86e1c887490b57fd84231d048466efea9f1c762a,Yes,202.3750482,0xe56364181f3368131a623c1a45ea77bdf0c439907eb6d8292cf23e8f31e20f23
6,2019-01-24T07:23:54.000Z,0x450c0c90706a8cc664e8b496711370b43415715d,Yes,47548.26097,0x6ee0b39771fef11f72815cfd603534d878672d55e127aa8e9739fff27fd5d346
6,2019-01-24T07:24:51.000Z,0x450c0c90706a8cc664e8b496711370b43415715d,No,47548.26097,0xbd41bea93e2e154a179f05a2eaca2965a7e5b0d032fd7c4f740750c1add3316e
6,2019-01-24T08:21:18.000Z,0xc7b51a1637f86f130686eebd1aae67c051888351,Yes,24.1633327,0xd04bdd5fc0dd6a91949774b5a19a4b95924594cfd764950148706196ac19714f
6,2019-01-24T09:16:15.000Z,0xb62e27446079c2f2575c79274cd905bf1e1e4edb,No,4804.08711,0x4104504ce01856cbebc1ce9344ca532fea4792a2a54f6218746c8ea89b4eca4b
6,2019-01-24T10:18:19.000Z,0xad2dcb058f10b4e11611f9c1fc0aa1a532e270d6,Yes,1800,0xf0ef2080a52e942b5623ef3bee51dd9b2861028484d741b50e94c30b5f770763
6,2019-01-24T16:29:24.000Z,0x4941105e6d11cff9be097a837cb68091f59a029c,Yes,2501.194388,0x91954ff294653c50370f61d41905f7a8a45fad21d9e918dd9b10f9493e80a718
6,2019-01-24T16:57:58.000Z,0xe730b30256bd9d3f5cbfdaad0f584307876acd25,Yes,1.010973935,0xc10022d42f5a942e9ca7010661fd6f2606b414ffd843b51452dcde21ece90e21
6,2019-01-24T17:02:17.000Z,0xf0bea4a25b280955417b1ca0c2519a5f6e752fae,Yes,243.3878319,0x234b138bb26c4fc9d2b7c3d5ad4c3089d190957d047c9d34e21c6ea8b6567d30
6,2019-01-24T17:20:51.000Z,0xd395d4a9753310f3940de2673c70c251224e3d07,Yes,0.05363874,0x904ed0a4aab572df4628b5df6628decccd4a1e878fa4dd15ba70db644f525ded
6,2019-01-24T17:43:08.000Z,0x165cc5f47cdb55bad3282b6543cbbf6542e06cdc,Yes,698.7,0x17a47befea08b6d8d1225bb25d5414ab054a2f6a2826b0917fb5a87cfb3e2bfc
6,2019-01-24T22:50:26.000Z,0xf1f0c294d247e8691d1118a86ccc669da3c75ca8,Yes,6169.916293,0xc6f4b46007be990a161d315a3058ef8897ce7384a2a4eb171c445d59720c492c
6,2019-01-24T23:29:52.000Z,0xcafb4ff79d39949d29e2ec4eb6b42c1e7b4d8b2b,Yes,46453.40167,0x0a38115f9ce81ee8c837e89735d86c898c4dd2cdc0aa3939045ede7308dd7f39
6,2019-01-24T23:34:27.000Z,0x583da21ad0c1171ae4b6cf24d92c46f033a0a794,Yes,100,0xc3986c2226aca05ba289a9d931d6b12b07323652ddc59496e0cfc87b2aaf33ed
6,2019-01-25T01:37:30.000Z,0x17de335cda63c144037b6fe43fadc7f9d0c21bb6,No,4000,0x93cee2fe19ef23fc6872f05166125bb1212e158409b3b87d28e4b3347c13e2dc
6,2019-01-25T02:57:58.000Z,0xefa62e5ca8f914d3bb2c9ffa3da9c1cd2bd8bdd2,No,24840,0xa1597627f682425a7c7c4d0b12adb850f12d1e4929fae58dcf80bb922e75e535
6,2019-01-25T03:42:46.000Z,0x4323b6f87e3ad7719b4a2ed791957faf96752bd4,No,13317.96704,0x7d7908fd25ceddf9837391df0decc623366b2b72ea3a24187658d5b2a6e6e406
6,2019-01-25T07:11:00.000Z,0x702eccb2b9bf886e27b0698601dc735501b9b546,No,89575.16863,0xcd839b61985febb3af2ef693c7a3e2f34869c449589c7ecc0ff74a01c3aa4123
6,2019-01-25T07:27:26.000Z,0x89e3a87a5d46b6cfe8c162558be3609478b29922,No,3314.021289,0xf2c3fbdda750baae6afc3b817d8eb8dfd59a094de51bc930d20af5f20147823b
6,2019-01-25T07:42:47.000Z,0x90fc1f495111329a1669716a149b7da88bdcb234,No,2097.994,0xc193f1286afb648c70ab7cac66137970ae8d43d250751be6e213408be50a8fcf
6,2019-01-25T09:40:17.000Z,0xa34f16c747e7eb21a32c28bde173c2fb099c70a1,No,102269.2319,0xd5b15eaf81132941d5967b8ba1e14b0c8c57e65ba9e5754a96e045b37722f51e
6,2019-01-25T09:43:14.000Z,0xa4ae57a1b051ff0980bc9dc59c36cd65f0fa7a11,Yes,20390.99009,0xac513fffc473c73be800b54c4f04c247780beafb3bf616d4a8c89757372aaad9
6,2019-01-25T10:11:08.000Z,0xaf54743051f61fda465609460f081c9aa426569e,Yes,594143,0x82cd2829bc1854015a23ab36894912b25bc42b887fd8d96bdadd80dcf97425e3
6,2019-01-25T10:32:07.000Z,0xa24b814aa745fd03893d6f63082ecd5d6fd0fca2,Yes,100,0xe014b903f73f05fd9e51162dfc3a24efed1b16c90275ea749013deb5db7cf71f
6,2019-01-25T11:52:02.000Z,0xf925fdaea552d36a5291335941ab7a046f960a80,Yes,13.7,0x1681f5ae0bc518ab438e76d02584a59953cd5e9e06d85c0bf6d6f1434b9df7aa
6,2019-01-25T13:29:55.000Z,0x003dc32fe920a4aaeed12dc87e145f030aa753f3,Yes,114.0155314,0x77996ff5c6bb8def50bc89046699758e6791b5b6b551e5383c1fb3d90fcdfc08
6,2019-01-25T17:22:16.000Z,0x0ed8f275eab9edf99120c4b101c232ff46ef7145,No,100000,0x7ac17ffc65dbc8f51b1e48c93d0c37e204d8f63a04c1f423e1ea8cc3339f7171
6,2019-01-25T17:31:57.000Z,0x580356c776bd73948b153cfc94a5d3a12c359bba,No,7474.25633,0xbd92cf40abf7b1050ecd35ab21dfca4bf7ee29ec54216d95891a199f55bbeefb
6,2019-01-25T18:38:32.000Z,0x471c1bbf19cd5a7b57e66f82a5b0d1668c8d65f9,No,396770.7994,0x7f98740a817171e320241ce43d6e88a2addd3de0bb3944d7839cc7458dc3f393
6,2019-01-25T18:59:43.000Z,0xb8506be2c700641873108a1a47d8e509157cf231,Yes,207593.4902,0x07c7070f53aba730b363a837d79140c5941b5aef02c08018f065b9b2a2be5fff
6,2019-01-25T20:37:16.000Z,0xbc62985faabed27a8f174cbd5ea1ee7b1ed8fc12,Yes,50,0x70e0419cdec3544a83dafe5ed1f72f29c94f004aa88505fec93dc5414d579f21
6,2019-01-25T20:55:24.000Z,0xdacc0fd259ce0de2829b38a0765970e7ab65346c,Yes,90.00002093,0x50c6a75c634d91b45c4fd5004cb72cc29fb17c3d158b2b045a32c9c2327ffc50
6,2019-01-25T20:57:29.000Z,0x0f01a0c3f5255745f31a7fbd555ec6461f405287,Yes,10,0x5254b3649da09eabfebc5fd2d18f1e1f5745f4b36699580fde16ac714774dc60
6,2019-01-25T21:43:25.000Z,0x9ab0b3323b1c9035b90ca4f1e462bb72c5417503,Yes,20000,0x576b27c7f0de2d9cfbeb1d98ee60231c711e57c8906ae718263588a72937349e
6,2019-01-25T21:46:19.000Z,0x024dbaaec9a8dc1cb8bc3bd3867942e5f0080498,Yes,501,0x14c88e62fd0e10956f72391175c6430294b087bcad1b78877409cda5f7701c8f
6,2019-01-25T21:48:15.000Z,0xdc3cb2d624f5afcbb2e7ecf4b0781f798dc522cb,Yes,5000,0xd5b3075a2d325a518dfcb39a0ce25d91f24edbdb324f9227d869229710c3d1ae
6,2019-01-25T21:49:00.000Z,0x76d7dd8e16149e5242c2eb9da62268ca02e2b320,Yes,5000,0x9c5cef5845837833bbb515dd9eb5fddeb2cbaf9c67142b77dc3fce76de3100b3
7,2019-04-25T16:25:26.000Z,0xf925fdaea552d36a5291335941ab7a046f960a80,Yes,13.7,0x81fc80d0bfaec8b7fca8ee999c4d8fb45280f612ff315a97cd2e2e811cd25109
7,2019-04-25T16:35:15.000Z,0xd472fa32294977196b9ad47e7865e0d737220e32,Yes,33700.9834,0x31deb1a2bef6ac4c4188fe9f29320e09b35332534d317f086bf8e828b67543cf
7,2019-04-25T16:53:16.000Z,0xa4ae57a1b051ff0980bc9dc59c36cd65f0fa7a11,Yes,23921.19159,0x4526a1a358fd26ca5ecab6c9508d73dbb6131f1461f657f0d3b782570bdaa74f
7,2019-04-25T17:07:47.000Z,0xf6f90fb02fc7de2b5b0b8d198da6b84814a121da,Yes,100,0x4c52d0f238153cb09c8a3d738adb5d66f6e12406e8a71c378c6048b9d72fa0ee
7,2019-04-25T17:10:20.000Z,0x424b61266a329b8339d688dc397d377e789fce90,Yes,3998.7,0xe9d3c889cb01609c4d96a9ad4d70c4c234c0c3c19eb79c4ac4b209bbaf143792
7,2019-04-25T17:10:20.000Z,0xe2f35b376461e7fdd2f2e45248e4c3cd9626a933,No,4079.955477,0xdac02d7baa355002a106b6d22153ac47aa9eeb970783a6c970f3fee525260e00
7,2019-04-25T17:12:32.000Z,0xc7b51a1637f86f130686eebd1aae67c051888351,Yes,495.1525761,0x6c5e97466f7b78203f3e42e870e91d0d5793d2bd8576c846eed4ad25bea9ce00
7,2019-04-25T17:14:26.000Z,0x6543c99d0e073c140fd08a741c6cfdcd1449da94,No,95.21731432,0x262a21af624f643f330147b8d7777096f69654881e47b2b7308916643d82f40c
7,2019-04-25T17:54:57.000Z,0x0489076a0d17394835af93cd62acff703b6814a9,No,64191.4,0xae62cc37abcef52ac9b4dbd9f21646eea91cc871e94ad83c1baf0a82fe3871ad
7,2019-04-25T18:30:44.000Z,0xbdbe724f311ae26597f25b8a4c45840de67c94c5,No,114.0764211,0x935b748630d5992f36e50193cc5cbd22ebdc063ff32b5ee5bf0723dd17b4ea69
7,2019-04-25T18:33:15.000Z,0x5ae336f5c5ae878f7b9a1eb3dd5169d92d8c43d3,No,552.8694924,0x6b8f1a7b64cd067aa6c9736c74b261b62b9bc18e8bbcc0e3fc95d0990c891e67
7,2019-04-25T19:00:49.000Z,0x901e9ffe28c136759399025ef9d2da2ca9089bd2,Yes,474.0704343,0xfa5486fd9d717b57ea2346b9071d6e528c27c7158542fe6572b9ac60a308e4b7
7,2019-04-25T19:09:20.000Z,0x995f8ac433f4f881708c279abeabb78379e744ff,Yes,49.49098863,0x2f4c10f8ca7d593c2d7b27a1b4fd2f49e2b3a8bc51d7dd34375de91efdf826a6
7,2019-04-25T19:20:36.000Z,0x68f9d801c96ac6ccf562f3600cef77c4504449b6,Yes,5,0xbef98869eef7b1cbcdd1e99427de8516e9108eb92ced29ce176fdcc1a4050e15
7,2019-04-25T19:41:11.000Z,0x974d012bfbf0ea561063c08fd39c68326b33f83b,Yes,82685.11012,0x23b2c8880bb16ddf71d3065dbdd8b34c7978e480b495da02c9941966ba1e6c85
7,2019-04-25T20:37:40.000Z,0x471c1bbf19cd5a7b57e66f82a5b0d1668c8d65f9,No,175264.7994,0xb76ba80e7c20aec30f97ae6d719a017d1155c2a52210e4a21ce1b3941238e4d3
7,2019-04-25T20:56:05.000Z,0x839395e20bbb182fa440d08f850e6c7a8f6f0780,No,5762.342012,0x1245f7e3b3b1ff70b1f4009b6ee6d982e41a0939ef05de56bb4fe51555b2bcb4
7,2019-04-25T20:58:42.000Z,0x370ceca4fc1287ed99924bba76259f6c771a6022,Yes,76593.51492,0x46eeab08044eff0707df7d2d6c0839941f4e9859017cd877977628d65ae03302
7,2019-04-25T20:59:44.000Z,0xa34f16c747e7eb21a32c28bde173c2fb099c70a1,No,67269.23193,0xe2a4cf9319e5e27253b12b89e286257289c05d450113a3387ff7306f8b4e0997
7,2019-04-25T22:18:01.000Z,0x702eccb2b9bf886e27b0698601dc735501b9b546,No,89575.16863,0xb90702684b84d9e3b95d4a02359e88ea2561423edbfe6998d0af1f344cab07d0
7,2019-04-25T23:05:09.000Z,0x15c29b0362773d6d350ee17f871c7c57a2ecabac,Yes,8.723063208,0x563cb9ba2f2c6429e6963a68745bdee1cb7b49c7de9ae3ea3ecda58497ea892d
7,2019-04-25T23:32:06.000Z,0x6c0b6a5ac81e07f89238da658a9f0e61be6a0076,No,5000,0x09c16c8507f6252f48f7c9d6e78967dc5c41d8e693e8afd58467b3c06a6e960a
7,2019-04-26T01:56:12.000Z,0x0fd297255ec21fbb88dee67cb8bbc372a593c539,Yes,338.8166126,0xf6c22e249293cdbbeb36c192a697547ed7a2a5c7344c1e5ed57178aa798fe7ef
7,2019-04-26T04:41:06.000Z,0xe7f3722a36f1a08c4db998122553785d94081ebf,Yes,198.7,0x1bc06c574ad1888c9788ddd3a3ee2aa09cef4f64705652422d563bc76d458103
7,2019-04-26T07:14:30.000Z,0xd395d4a9753310f3940de2673c70c251224e3d07,Yes,0.05363874,0x33ed4f1923567a86910762420a8875ec9581fb7c0afce2c8ea9bbc9a8120bdf4
7,2019-04-26T08:20:46.000Z,0x1a597758300f1a7bc253d9b1f3e4d15f9bfbe05e,Yes,11190.60615,0xb01cc216313e6356a9772564962147b2eda03d4d081d9cc1f174ffaa6d6cbe54
7,2019-04-26T08:56:11.000Z,0xdd36c6c74abd4fef4ebcfb42d4622435d5f2c5f0,Yes,80000,0x52c7b0c98a40ebe0979e37247251db78bf902eed7b051f587fc72c776e87da93
7,2019-04-26T09:34:29.000Z,0x00e3f8e167e5de09ec6bb58db232760750ac12e5,No,2000,0xe6d4bd257c02daed9343c50b3fc0b34b88411d7240feae7bb68b6e79237689e8
7,2019-04-26T10:07:55.000Z,0x9dcb907faf7e00345beb97cc8395ba89a20be5b9,Yes,5243.103691,0xda65fc1a6dd578af443168f7a6bb9ebd291873d96663b5092ea4d8b10d3bde1f
7,2019-04-26T10:14:41.000Z,0x51f6c2f8be5ca8bb075c7eb9dd25b2aa0dd37af3,Yes,4446.115693,0x2867315c503a7857074a1c0d2ef069bd8a77526a7ead3f915726d026ad02639b
7,2019-04-26T10:35:13.000Z,0x47e317b00862fa05ffc5d0c063dfcd45e9c5e456,Yes,3670.12,0x7976fd47c5e3238442ad48648ee4a50d272a84fca70fb16e1c800bd9d12d709c
7,2019-04-26T11:51:37.000Z,0x52ccabeebd9a77c2c8fbf03924f3f2870bcf6f1c,Yes,226.3003175,0x2bb286f50a7b4477b44732ba869182339b0a02e5d939a539eb007430d0f4be8c
7,2019-04-26T15:32:34.000Z,0xe1ad30971b83c17e2a24c0334cb45f808abebc87,Yes,31300,0xad3803288dcafb76f040a5e768582fce4de72e8086fc778dfbf7b75b393bff06
7,2019-04-26T16:08:45.000Z,0xe3a44dd2a8c108be56a78635121ec914074da16d,No,375,0xf9e0ff3f8f980eee36a13de5274dddbd69b6b9d058b60488d39a3f4d39b00876
7,2019-04-26T16:42:55.000Z,0x4df2fa69ef22d59225521e8c03df7efa2b747a1d,No,25050,0x3ae95780d9d8cb81bef1c1616857d59464f1190d095fd285fc3602dd0dbde8a0
7,2019-04-26T17:21:20.000Z,0x450c0c90706a8cc664e8b496711370b43415715d,No,47548.26097,0x53fb379fa374957013e1e05d32bddb9388aab5bf6c443dc5722acd0349842081
7,2019-04-26T19:44:49.000Z,0x7bfee91193d9df2ac0bfe90191d40f23c773c060,Yes,4688.068149,0x613f5ba6ad5815dedffb7858d79367a1edac578c2a6cf329a35919119339dda6
7,2019-04-26T20:05:22.000Z,0xdbaa8b3ae4409348e7159b0966641d29381ad783,No,282.4342279,0x55a663fa07194d754c6e3d7f25403441cf85f4ed05ad819c28d87a0d3838d87a
7,2019-04-26T20:32:53.000Z,0x662127bf82b794a26b7ddb6b495f6a5a20b81738,Yes,1,0x2041cd65ed0437053c9685e90cf953c11f339d3b969f2216ce962971c734c0ad
7,2019-04-26T21:24:40.000Z,0x22acb809d08ae7c79f0b84513efce0577acfe514,No,16551.13398,0x051118b23b6c7ad8d12e408c6eb78cd153dfb72e5d6604ce448c3441e6a05fec
7,2019-04-27T05:28:53.000Z,0xee2826453a4fd5afeb7ceffeef3ffa2320081268,Yes,50000,0xca4cbe27842d26f9164da3f4b89b1ea01a0e0353e59e60f630045cc34e270eb2
7,2019-04-27T08:45:35.000Z,0x1dffdb114e58baedbd25290a1efffa9fc3726d1f,Yes,3000,0x115cd288d5422e57cf9ba7bf9f98aef0105183b871797f48086e9ad60f947e54
7,2019-04-27T10:06:01.000Z,0x55a16a377f1ad57f641c92c5c3b6307a86fcb8bf,No,14.28831066,0x3c20615277d9e3ca3254c370fec8eb9515433556c17d31dca300fad485311031
7,2019-04-27T11:01:01.000Z,0xa1b02d8c67b0fdcf4e379855868deb470e169cfb,No,8,0xb84067d8992b75a52c1f0f2022886abec4b6f6bd1321f161c2a16274ef55a097
7,2019-04-27T12:39:57.000Z,0x8b6a9b7c8d8ed99ff02314f779f5a1b7e8474548,No,20000,0xf74e9400fb3f8e051a401bd23fd4ba7d7bda0a275d98a84a33a694fa4066c5a1
7,2019-04-27T13:20:07.000Z,0xd8265cc1d176a0d734834a0f60d9d2d53bae66f6,Yes,792191,0xc90d9ef4c4932d809db6b41eead87bd1c277ba2ac89a2204035fe18940ce43a9
7,2019-04-27T13:22:12.000Z,0xa08d4ca03aa7e83785d6eaf386f0b2ddbefcb482,Yes,10376.03023,0xa3c2ef385ce639e815a2d2aa7538319722fc00cacef4af51264e19298868eb39
7,2019-04-27T15:33:09.000Z,0x4059457092cc3812d56676df6a75fd21204fbe2f,No,1095.8,0x2e2e48d6a672e4129a86c1394a46e81980147e148fbf8aedba5a1e10316477fd
8,2019-04-25T16:25:38.000Z,0xf925fdaea552d36a5291335941ab7a046f960a80,Yes,13.7,0x1608aff5de77f4ec0ace85866fa9fe32bcd27730275b12f00a4c331a0286bd60
8,2019-04-25T16:34:04.000Z,0xd472fa32294977196b9ad47e7865e0d737220e32,Yes,33700.9834,0x21381d85f06bd119cbb0e48a1b877cfaa66169d3835321dd57be0ebe8406408d
8,2019-04-25T16:56:14.000Z,0xa4ae57a1b051ff0980bc9dc59c36cd65f0fa7a11,Yes,23921.19159,0x165779f4ccef5d16d081d39efea875a0229ab38bedff8ad28e174dd204926c0a
8,2019-04-25T17:09:50.000Z,0xf6f90fb02fc7de2b5b0b8d198da6b84814a121da,Yes,100,0x6f7d074167ead93708e5c6f0a26f84a3b3ca00da09881568f927896066eed2e9
8,2019-04-25T17:13:10.000Z,0x80b380422421f42aa2b0f644f76af92115b71cf8,Yes,743.464071,0x7733bae755cc6b40c98ea89ba035b941d4400593c94efcde3ccac893218e4b01
8,2019-04-25T17:56:21.000Z,0x0489076a0d17394835af93cd62acff703b6814a9,Yes,64191.4,0xd09ca121bdbff7b7e7b4f0fae35d35b63069419a4393b4da2d2286cf6387f241
8,2019-04-25T18:22:04.000Z,0x15c423e2c5e4980d556acd3a02ccb160d0a1d03a,Yes,61.69151007,0x947f033c7fcbabe7c600e05ccfe52e05fcefa028ba1ed10b0804083e0df482c0
8,2019-04-25T18:29:21.000Z,0xbdbe724f311ae26597f25b8a4c45840de67c94c5,Yes,114.0764211,0xd820b47f7a60e527edb9aca4987bf2c94a10f65c3257a442ab40d14006ead767
8,2019-04-25T18:32:29.000Z,0x5ae336f5c5ae878f7b9a1eb3dd5169d92d8c43d3,Yes,552.8694924,0xbbb17e8643aaf47bddf020b9ecd4e45de43787653db33c313a0696d29d1c0f99
8,2019-04-25T18:54:32.000Z,0x901e9ffe28c136759399025ef9d2da2ca9089bd2,Yes,474.0704343,0x004a799802d137cc6e3b5add73da39b7bd6ce414b3d4f540bbd2ce630fde2dad
8,2019-04-25T18:59:58.000Z,0x3a0e6b374fcc051172ab4fcc3599f245bbaf02a2,Yes,350,0x21b41fa2ad8a984ddded43a2af51dac2c057ceba59238e17bcbc3523fd1c2449
8,2019-04-25T19:20:38.000Z,0x68f9d801c96ac6ccf562f3600cef77c4504449b6,Yes,5,0x1154abf26619353dce01d1eefacae65d170fa809eade18d6d7e775ed8a6ffcce
8,2019-04-25T19:22:32.000Z,0xc3efb7341bedae640b68f1e3597f0c0662e14ba7,Yes,1510.761544,0x73265575b0a991caadbc1a6cebe7367cf965c6cc89c878aaa4cdbfcb75fa1a37
8,2019-04-25T19:41:58.000Z,0x974d012bfbf0ea561063c08fd39c68326b33f83b,Yes,82685.11012,0xfe854d2a69e1fc2aabed39c1b12483a90ac7e96763dee10ea69f5b7722fbb642
8,2019-04-25T20:38:32.000Z,0x471c1bbf19cd5a7b57e66f82a5b0d1668c8d65f9,Yes,175264.7994,0x0389ff5924abf2ad2c6e7a75cfb923e0115457769372def969919d1aac610297
8,2019-04-25T20:56:13.000Z,0x839395e20bbb182fa440d08f850e6c7a8f6f0780,Yes,5762.342012,0xc4db00d33f1d00c056aaf53063618683c69013c6e6f1df18800ad5f8e50b5b77
8,2019-04-25T21:18:07.000Z,0xf83775c95a00612d4cac5053dd484ffa81bae0ad,Yes,15,0xe706c2a441749e49fee372e96dbaeb652ad80743cb347ed4b1ece488c5579f06
8,2019-04-25T23:32:55.000Z,0x6c0b6a5ac81e07f89238da658a9f0e61be6a0076,Yes,5000,0x34ca85275d91798a8eec216d6d73c9fce461825fd75a3efb905d945330894b8c
8,2019-04-26T01:19:06.000Z,0xbf15bd159ae5b410c4b7d4ae0230fb81f2f21cf1,Yes,29000,0xc3710a06ce5db6a618f2a485e334fb3823900b5fffa528bb3b160a5da7917a5c
8,2019-04-26T01:56:43.000Z,0x0fd297255ec21fbb88dee67cb8bbc372a593c539,Yes,338.8166126,0x569ae9fb949a95887cce2caabf60cb04b16e708bdb0fc4e2b1a4d584f4eab019
8,2019-04-26T04:41:42.000Z,0xe7f3722a36f1a08c4db998122553785d94081ebf,Yes,198.7,0xed1a4fd3447f1265b1dbd052940cf6b86a104c422792fccdcbc6a13ff7ec70bd
8,2019-04-26T07:15:23.000Z,0xd395d4a9753310f3940de2673c70c251224e3d07,Yes,0.05363874,0xc9bf89d82783e1d31a027e5b65f06dc21c96196cb3d981cfc586d719672f3c77
8,2019-04-26T08:32:14.000Z,0x1a597758300f1a7bc253d9b1f3e4d15f9bfbe05e,Yes,11190.60615,0x74f0dbdbd30c30126611449a95b82fe019533c1cf98d8cc1dca634b6f2f54f60
8,2019-04-26T09:35:17.000Z,0x00e3f8e167e5de09ec6bb58db232760750ac12e5,Yes,2000,0xa9585b4446a3da2e6eb2edf6d8ad9a7d5f236d3d94cef32f94d34852ab67de0d
8,2019-04-26T10:07:28.000Z,0x9dcb907faf7e00345beb97cc8395ba89a20be5b9,Yes,5243.103691,0x3f64744cf711a932973181f826a43fa5f434e18d47fa0565be5ec512177840cc
8,2019-04-26T10:45:08.000Z,0x17d38262ceb5317af645a246b0ce6fc4cc3088f6,Yes,25249.98,0x7f492f2435b2657765d1651119369e77b76ddfc12658e76b1467c562adbec7a5
8,2019-04-26T11:52:32.000Z,0x52ccabeebd9a77c2c8fbf03924f3f2870bcf6f1c,Yes,226.3003175,0xac49bacd0d1890c1f8dbf818688192de33970f7e643feacdef86234d917b6e7c
8,2019-04-26T14:13:04.000Z,0x9e889af7167f7dcbbb5cdafe947f1392b31b2357,Yes,17.7,0xf5809a435aede6d77b26e5bf74d17da7730f70e700a7bb2fbbc0989fdaf81526
8,2019-04-26T15:15:25.000Z,0x30043aabbcebbd887437ec4f0cfe6d4c0eb5cc64,Yes,1999.99,0x0d9f861536b194ce834d0972f6848a72c0e6074166443d20f64a33c201c9a1ea
8,2019-04-26T15:26:21.000Z,0xe1ad30971b83c17e2a24c0334cb45f808abebc87,Yes,31300,0x8460c9cf28decf1617623f1ff1e735670d3b44897f87ab248ad40c910e099769
8,2019-04-26T17:06:58.000Z,0x583da21ad0c1171ae4b6cf24d92c46f033a0a794,Yes,223.0599262,0x07f754b8804936e0521231c69e150b9da246241f9f9c48182f2c890d821f082c
8,2019-04-26T18:19:29.000Z,0xbfc7cae0fad9b346270ae8fde24827d2d779ef07,Yes,218.4081505,0x84673a3cfa8c65aaac4aec42dff717a267d45cd761ab42d00150a82f3a372446
8,2019-04-26T20:33:27.000Z,0x662127bf82b794a26b7ddb6b495f6a5a20b81738,Yes,1,0xc8cb1db44d750b2d098d38da54b19e894b1d79092841dfd946c850dccc4e462d
8,2019-04-26T21:19:35.000Z,0x22acb809d08ae7c79f0b84513efce0577acfe514,Yes,16551.13398,0x54c678c4503136cd35d2d7468d8996ec884a180fc3e71ff05c86152c595b605a
8,2019-04-27T08:26:05.000Z,0xa4887ea048a49b34ee531fb43113ecaf930445e3,Yes,400,0x5768c598bce05e27804cc77718e54a2de6d5ccdf25d92212ee189bbabefe99a3
8,2019-04-27T11:06:24.000Z,0x4c4d2ac40721aa756970401d57af0e237a3fd607,Yes,15,0xcab544fcac4cbc2cc0ecd68a71e44bb5a2e54b565f31ef435a870e1e02a58ce7
8,2019-04-27T13:21:04.000Z,0xd8265cc1d176a0d734834a0f60d9d2d53bae66f6,Yes,792191,0xfe7bdadc64f1e56da070b1184c7cfd1cb6347178934bb1da8114d42c0506e4be
8,2019-04-27T15:33:55.000Z,0x4059457092cc3812d56676df6a75fd21204fbe2f,Yes,1095.8,0x069d2ee942ed1b83af2bac5b9d49a95f7c595ab0479df896d1a9d1d8ba62d1c0
9,2019-04-25T16:25:55.000Z,0xf925fdaea552d36a5291335941ab7a046f960a80,Yes,13.7,0x8dbb40c7a725f45ef9ae04ed06fc670e5db865c7f7257873605d8687aa9aaf76
9,2019-04-25T16:29:36.000Z,0x9e889af7167f7dcbbb5cdafe947f1392b31b2357,Yes,17.7,0x2993b89e6f6976d6a49b4d5f1fcbe72fa182a594a1bab4d85d52786aa9ce9553
9,2019-04-25T16:33:14.000Z,0xd472fa32294977196b9ad47e7865e0d737220e32,Yes,33700.9834,0xf8961b3f3f5b09b02d64990f3c1fd6966255ad3898158dd9484caa91f994aeea
9,2019-04-25T16:37:27.000Z,0x1dffdb114e58baedbd25290a1efffa9fc3726d1f,Yes,3000,0x7f61b160923155512a39f5a9ecb18f22aa605699f7cc2c08392141d667163aa2
9,2019-04-25T16:59:47.000Z,0xa4ae57a1b051ff0980bc9dc59c36cd65f0fa7a11,Yes,23921.19159,0x317ccba3065cfa7026168b93c4fbd722628d2f152b0b4e33bdac91b2b9604d60
9,2019-04-25T17:10:20.000Z,0xf6f90fb02fc7de2b5b0b8d198da6b84814a121da,Yes,100,0x236680d712a25ff357f4d41b76602d975070f083f4072f5bd21fdcbf96feb6a2
9,2019-04-25T17:10:40.000Z,0x424b61266a329b8339d688dc397d377e789fce90,Yes,3998.7,0xe8fc38d8e2b10d39326f3ec68d5d116223cdddfdbd0b56a902e37a2a357d4b56
9,2019-04-25T17:12:26.000Z,0xc7b51a1637f86f130686eebd1aae67c051888351,Yes,495.1525761,0x54700946b650d41e07abd1330298e8a27fe71c8d641bad097ed9aa1c41b50b4c
9,2019-04-25T17:13:10.000Z,0xe2f35b376461e7fdd2f2e45248e4c3cd9626a933,No,4079.955477,0x94b0ef815de5586b669cc8815b7d435979efef8e0186236810c933fd94e37bd5
9,2019-04-25T17:19:20.000Z,0x6543c99d0e073c140fd08a741c6cfdcd1449da94,Yes,95.21731432,0x2135a98da536a7a8a79cd677d0ac3a3337696dba2a6c78522ebda3a1ed8ffc63
9,2019-04-25T17:23:57.000Z,0x80b380422421f42aa2b0f644f76af92115b71cf8,Yes,743.464071,0x5111ac5bf8ad57ea26acf4e5d814127d4bd78a3238173f70e2a27c5c9ebfec0c
9,2019-04-25T17:54:28.000Z,0x0489076a0d17394835af93cd62acff703b6814a9,Yes,64191.4,0x0b1ed12be4c504bc79309f0f6ecbfa222ad2f074246d075c6540bc00daa0625a
9,2019-04-25T18:30:50.000Z,0xbdbe724f311ae26597f25b8a4c45840de67c94c5,Yes,114.0764211,0x4e112a85e06e78d06222ff7cede3b65a7eedfd946d2847bff996ebfed9f9c252
9,2019-04-25T18:32:24.000Z,0x5ae336f5c5ae878f7b9a1eb3dd5169d92d8c43d3,Yes,552.8694924,0x723123155738bf39f71008e6c05e9afaa63fd5408f31abd24f2c1a9b5f45020d
9,2019-04-25T19:01:43.000Z,0x3a0e6b374fcc051172ab4fcc3599f245bbaf02a2,Yes,350,0x3026c7d4e03cd9f2569c9c7fd2e06b471688c8d2d529452d1ff0fa6a46112660
9,2019-04-25T19:02:50.000Z,0x901e9ffe28c136759399025ef9d2da2ca9089bd2,Yes,474.0704343,0xa02ab8c5c2754d22ba08ca1911358687d01ecf1d91e268dbfe99381728929510
9,2019-04-25T19:20:36.000Z,0xc3efb7341bedae640b68f1e3597f0c0662e14ba7,Yes,1510.761544,0xe6b163ab49a23edd1eb6b9dab41ad2b2a7a2039875e3db1929ba2997ff2a5f21
9,2019-04-25T19:21:28.000Z,0x68f9d801c96ac6ccf562f3600cef77c4504449b6,Yes,5,0x20d96154dc2a3fa0b0d27f5078a67be5b822c838c6eba22a44d4cd67b3f563f7
9,2019-04-25T19:42:17.000Z,0x974d012bfbf0ea561063c08fd39c68326b33f83b,Yes,82685.11012,0x61a1bcf176aea8725d86efc9e38c9505a8e73ecec97803bcf435a69363811809
9,2019-04-25T20:38:32.000Z,0x471c1bbf19cd5a7b57e66f82a5b0d1668c8d65f9,Yes,175264.7994,0x39871f39f6f8ee7a9d18bbdf3b74acf68a4e5faa64f7f7862197aebf9cde2f6f
9,2019-04-25T20:49:21.000Z,0xad2dcb058f10b4e11611f9c1fc0aa1a532e270d6,Yes,1800,0x2dbafe70b9caaf700e6bc18627febf3d3c97f0b2f3c1be29f4d49a96300b8fa0
9,2019-04-25T20:55:15.000Z,0x839395e20bbb182fa440d08f850e6c7a8f6f0780,Yes,5762.342012,0x801f722bb05b4a95dd4c9e3aa847686b6dfa0aff7cb8adbb6af57cac94ffbdb7
9,2019-04-25T20:59:34.000Z,0xa34f16c747e7eb21a32c28bde173c2fb099c70a1,Yes,67269.23193,0xfcbeed90a2a67f17b8b08913acd12af2cfc581a6bd0f5b39402e46b3bd5f6408
9,2019-04-25T21:19:07.000Z,0xf83775c95a00612d4cac5053dd484ffa81bae0ad,Yes,15,0x1bf4614a1ed64ce6535abfb4e249b7b601f4c1dd81a9a30b5abaaff3851bd831
9,2019-04-25T23:34:08.000Z,0x6c0b6a5ac81e07f89238da658a9f0e61be6a0076,Yes,5000,0x4c78b95209569baeb0c54e3792d71fc148c98a89ddf6e146884508df3d7b0831
9,2019-04-26T01:20:47.000Z,0xfa75cb0cfda814f7d49891bcdd28308c31e72d63,Yes,880.5850342,0xc4b3ce7d37cff8004e114eedf4bd022af840a01871bfaf5af9051b005431d04f
9,2019-04-26T04:41:42.000Z,0xe7f3722a36f1a08c4db998122553785d94081ebf,Yes,198.7,0x5c6fcb27c16491558d653c0b9a2b5f76ccd4d5caa845b8632a8ddf106577ada8
9,2019-04-26T05:55:04.000Z,0xdd1cbf1cbf81c45c6581d5b870e035a5fe7205d4,Yes,193515.2857,0x3f8165b0ebb540d872d33cc92a703eaf80fcac443ce9c80f8c969a43abc88f7c
9,2019-04-26T07:20:25.000Z,0xd395d4a9753310f3940de2673c70c251224e3d07,Yes,0.05363874,0x8cd95ab9bc8f1c2cd05ee950f874384a766bdd8b8ad693261def7abeb79c2385
9,2019-04-26T08:37:49.000Z,0x1a597758300f1a7bc253d9b1f3e4d15f9bfbe05e,Yes,11190.60615,0x626c47c9a2ca2cce2d9b12ac203a8df7de840a3a2143293fb80382814b3051f3
9,2019-04-26T09:35:32.000Z,0x00e3f8e167e5de09ec6bb58db232760750ac12e5,Yes,2000,0xd1a5faab7133bc28744ed0ca2f21fa9e162413855efa5559f455216800b660d0
9,2019-04-26T10:07:17.000Z,0x9dcb907faf7e00345beb97cc8395ba89a20be5b9,Yes,5243.103691,0x88dd5b1b623727f05b3d91eacd13c134bd0b9caa3fca81c2fc1400b4505ea06d
9,2019-04-26T10:15:05.000Z,0x51f6c2f8be5ca8bb075c7eb9dd25b2aa0dd37af3,Yes,4446.115693,0x025e3626ada6cd989447c3e6c82b9cfbef3881b17b88ad6c93c6f20a3c842237
9,2019-04-26T10:39:01.000Z,0x47e317b00862fa05ffc5d0c063dfcd45e9c5e456,Yes,3670.12,0xec5acd5cf002c2ec651319fcb2ecc66e2c90dc7ba2f00df558824aae01f4526b
9,2019-04-26T10:40:29.000Z,0x17d38262ceb5317af645a246b0ce6fc4cc3088f6,Yes,25249.98,0xb73226554389be9c419bcc15cecd4738850bcfd8856c7d6913885aa496f93b3e
9,2019-04-26T11:53:28.000Z,0x52ccabeebd9a77c2c8fbf03924f3f2870bcf6f1c,Yes,226.3003175,0xb0622d9c456048bbef3f2ea61c23c35b9bbf8698cf1ce33e36147c5cb8f57e17
9,2019-04-26T13:59:46.000Z,0x30043aabbcebbd887437ec4f0cfe6d4c0eb5cc64,Yes,1999.99,0x4a2324fb67dbcb078ad698791061f6031a918ac868bea5baaf5d7be871f84377
9,2019-04-26T15:05:11.000Z,0x625236038836cecc532664915bd0399647e7826b,Yes,100,0x0ba4e1466091926094c2ba9addcbb97d6379259410f251b96c7198bcc4e9e65f
9,2019-04-26T15:25:19.000Z,0xe1ad30971b83c17e2a24c0334cb45f808abebc87,Yes,31300,0xb9ea6613700025978db5fc962a68ec1e742b96dd0245c90a881df3b9a64d287f
9,2019-04-26T16:43:45.000Z,0x4df2fa69ef22d59225521e8c03df7efa2b747a1d,Yes,25050,0x937d163ccfab3e88b4ce08680e1f57ae06e01617c5e26fbdf04267d1f5bd0ec9
9,2019-04-26T17:08:13.000Z,0x583da21ad0c1171ae4b6cf24d92c46f033a0a794,Yes,223.0599262,0x63ecfe6e0678617e3457cb17c936e6e9662e64ce8fa935cbae36df2e64ce07dc
9,2019-04-26T20:49:01.000Z,0x662127bf82b794a26b7ddb6b495f6a5a20b81738,Yes,1,0x76355a8134e6a29eb2921d830d23721120d7619e9a2afa1c67b045a46db49140
9,2019-04-26T21:23:56.000Z,0x22acb809d08ae7c79f0b84513efce0577acfe514,Yes,16551.13398,0x7cc24361f242034a72f0df183c0e5545df53cf763fc93ef49d9901b8a62ccfa1
9,2019-04-27T08:38:49.000Z,0xa4887ea048a49b34ee531fb43113ecaf930445e3,Yes,400,0xaeb9a658da6c6aa193facd63d60d5dc55b3811678d9639175bf169e0a7516894
9,2019-04-27T13:21:39.000Z,0xd8265cc1d176a0d734834a0f60d9d2d53bae66f6,Yes,792191,0x4c8a89149019ab1ef466e6b05592a66b68d6d1c5baa461ac391827497e7a7df7
9,2019-04-27T15:34:18.000Z,0x4059457092cc3812d56676df6a75fd21204fbe2f,Yes,1095.8,0x634efd18dd5028efb501fc3828a4689a7cc329bf20dedf8e198583d4e6afd6ea
10,2019-04-25T16:26:17.000Z,0xf925fdaea552d36a5291335941ab7a046f960a80,Yes,13.7,0xb142d79aaa62cb6b8c011c8c504f53f413a3ae23d19171c042e2527219d3dbe3
10,2019-04-25T16:32:19.000Z,0xd472fa32294977196b9ad47e7865e0d737220e32,Yes,33700.9834,0xe5f6b44c5b3ca15bdfb0045e4bdf89df55f40b71f5af9af004246738fe8f29e2
10,2019-04-25T17:04:04.000Z,0xa4ae57a1b051ff0980bc9dc59c36cd65f0fa7a11,No,23921.19159,0x9d59251b376b5febf6112cf66da2b3d49d4718e268d1eafe663642c05acf941e
10,2019-04-25T17:09:50.000Z,0xe2f35b376461e7fdd2f2e45248e4c3cd9626a933,No,4079.955477,0xa42b5b4ce44330580bf4e9cc6c78583fe8f9965bfc886a9320e114bee1ed6acf
10,2019-04-25T17:11:05.000Z,0xf6f90fb02fc7de2b5b0b8d198da6b84814a121da,Yes,100,0x1a24635dbc8ff4bc796061caa318ad73fadcd60e23e221404ae783e463ad3e00
10,2019-04-25T17:13:25.000Z,0x6543c99d0e073c140fd08a741c6cfdcd1449da94,No,95.21731432,0x557f97b6f6918262e7ee963c2fafd848f4d528b262f490b99857ce3437a14851
10,2019-04-25T17:25:00.000Z,0x424b61266a329b8339d688dc397d377e789fce90,Yes,3998.7,0x3a310ecd171e7fde16f5d02f69cf3dc1b2accfdc6c59c47f075255ab1ff5a6b8
10,2019-04-25T17:44:10.000Z,0x0489076a0d17394835af93cd62acff703b6814a9,Yes,64191.4,0xe9cb5449cd2aa5e7ff21408141b1f2ca5c7932d091a8a6ed9c631a234c16db8b
10,2019-04-25T18:32:06.000Z,0x5ae336f5c5ae878f7b9a1eb3dd5169d92d8c43d3,Yes,552.8694924,0x141e4c38982e9152f7dd7d8f808cb087e21cf29382d4b4297d3984d5f3eeab62
10,2019-04-25T18:33:00.000Z,0xbdbe724f311ae26597f25b8a4c45840de67c94c5,Yes,114.0764211,0x06d0a31a292020af26869509a8563ea1740f420d32480d9725f51faee102ac38
10,2019-04-25T19:02:50.000Z,0x3a0e6b374fcc051172ab4fcc3599f245bbaf02a2,Yes,350,0x0e85f46fcd61081144ad248311a34a8b4ab20371f7ad958bbf3c9a615661bc47
10,2019-04-25T19:03:35.000Z,0x901e9ffe28c136759399025ef9d2da2ca9089bd2,Yes,474.0704343,0x9d41739ac6f5e915738403086108a744410ce3cc1a4c4f900c3307cca8735b0a
10,2019-04-25T19:22:17.000Z,0x995f8ac433f4f881708c279abeabb78379e744ff,Yes,49.49098863,0xf7da57ffcd0c7643a805076e989eefcd532dff257f5bea540e92077ac6b5a028
10,2019-04-25T19:22:32.000Z,0x68f9d801c96ac6ccf562f3600cef77c4504449b6,No,5,0xe60fb6233e34f6ba9a1b438f9f67a65a5db252acdb28e7b7fc1fb06b595eed83
10,2019-04-25T19:26:33.000Z,0xc3efb7341bedae640b68f1e3597f0c0662e14ba7,No,1510.761544,0x362afff7cc0cf3567922619e165a36e5002666f1cb55efc0ae0fbf34095ef51f
10,2019-04-25T19:42:45.000Z,0x974d012bfbf0ea561063c08fd39c68326b33f83b,No,82685.11012,0xaa2f5d0b0b85c656879a4e8ce1ed418f1bf2be0098875dad93e5fbdec744f520
10,2019-04-25T20:39:45.000Z,0x471c1bbf19cd5a7b57e66f82a5b0d1668c8d65f9,No,175264.7994,0xc346c2cbe906a8fc2fe6400bff6eba8eb92ab0dcde77bc7a716d809b3d834706
10,2019-04-25T20:55:15.000Z,0x370ceca4fc1287ed99924bba76259f6c771a6022,Yes,76593.51492,0xd1214c94da1b94975f2ce4b82bbf5aecabb9e571955ec2cb4c07192474b2323a
10,2019-04-25T20:55:42.000Z,0x370ceca4fc1287ed99924bba76259f6c771a6022,Yes,76593.51492,0x8fb0796170dcc823dd59ad1fc6fd6c6a7c86d2a091292de8843b02633a86ce45
10,2019-04-25T20:56:27.000Z,0x839395e20bbb182fa440d08f850e6c7a8f6f0780,Yes,5762.342012,0x2dcdadd274df7743dad6c7dc73ae2f9016c0a9bf2fe541a6e699f60cf0c0ed39
10,2019-04-25T20:56:54.000Z,0x370ceca4fc1287ed99924bba76259f6c771a6022,Yes,76593.51492,0xd5d007119231fdd207f8f5a739bee16d38b7447205ff8d752b6ff0a5c788be61
10,2019-04-25T21:07:48.000Z,0xa34f16c747e7eb21a32c28bde173c2fb099c70a1,Yes,67269.23193,0x5552475c38e89072ca0d75bbb5e6bb9465b3a197163c0ef6bccb1f40be492d50
10,2019-04-25T23:34:45.000Z,0x6c0b6a5ac81e07f89238da658a9f0e61be6a0076,Yes,5000,0x35f35dc3ce1dc8e391d3a8d1670f1a4040293cb84cbd63c22c160a1d8e14b1c4
10,2019-04-26T01:58:04.000Z,0x0fd297255ec21fbb88dee67cb8bbc372a593c539,Yes,338.8166126,0x078ba7dfbdb8557f1bb5dfe92d3e141a8a7d80c9af0e518ee203e563c4cfd1c5
10,2019-04-26T03:24:41.000Z,0xfa75cb0cfda814f7d49891bcdd28308c31e72d63,Yes,880.5850342,0x86a23cf57b3cc4c7d27fc9db9e0e63b60afbbd60db1457cb19588d94488cf54c
10,2019-04-26T04:44:25.000Z,0xe7f3722a36f1a08c4db998122553785d94081ebf,Yes,198.7,0x5372c1c9333697e3f345c4f1cce71ed8fdb6c7230dd39d7746578f1e250935d8
10,2019-04-26T07:22:45.000Z,0xd395d4a9753310f3940de2673c70c251224e3d07,No,0.05363874,0x542d367bac957fb05244c890580ab930664720aacd3947c34f2062d1521eb348
10,2019-04-26T08:38:50.000Z,0x1a597758300f1a7bc253d9b1f3e4d15f9bfbe05e,Yes,11190.60615,0x5dcc00d16e474673607b6b82da58179d32856fdeaa824a5f4c1f7f807f68f295
10,2019-04-26T09:03:13.000Z,0xdd36c6c74abd4fef4ebcfb42d4622435d5f2c5f0,No,80000,0x54a41f08c3272816ed8f7b7a5ce8f7ee2b0e6e70f364ece72fada3276f4582e0
10,2019-04-26T09:36:14.000Z,0x00e3f8e167e5de09ec6bb58db232760750ac12e5,Yes,2000,0xb6a352c3b577a529270817aa96c55621065f1acaa019cd3b5ab80f831b7c3729
10,2019-04-26T10:06:56.000Z,0x9dcb907faf7e00345beb97cc8395ba89a20be5b9,Yes,5243.103691,0x196c59de6d3d8d53985701427d3bf56e03f45585aaea4d55b1ab2f43999ce581
10,2019-04-26T10:16:38.000Z,0x51f6c2f8be5ca8bb075c7eb9dd25b2aa0dd37af3,Yes,4446.115693,0xb05320ee00c9aacc83321dfc67c4542cacf798bc3708e272acb0326d9940e8bb
10,2019-04-26T10:42:20.000Z,0x47e317b00862fa05ffc5d0c063dfcd45e9c5e456,Yes,3670.12,0x68712c9e6ebdcce88d97663ec42b75f1f481654395ec809f8f8bd159e5ee6b32
10,2019-04-26T15:34:21.000Z,0xe1ad30971b83c17e2a24c0334cb45f808abebc87,Yes,31300,0xeab7baeeebe01e895fea4a9068e8b92599e1366452133052c4ce0e7ce7afea5a
10,2019-04-26T16:12:56.000Z,0xe3a44dd2a8c108be56a78635121ec914074da16d,Yes,375,0xafb5c3f93d7ed0f564d7fd518f3ceda4a982bac25be273fa13d3eaa4cc811fc3
10,2019-04-26T17:08:31.000Z,0x583da21ad0c1171ae4b6cf24d92c46f033a0a794,No,223.0599262,0x2f91968b51e5fe3c109a5ffe968568005ec5c152117fee4cc06f52f76a20cfd2
10,2019-04-26T18:20:37.000Z,0xbfc7cae0fad9b346270ae8fde24827d2d779ef07,Yes,218.4081505,0x7f8d9eeb766fe8766db14a3f5d0442f590f58411b7aa3ccd9cec33ceaa31ba3d
10,2019-04-26T19:32:00.000Z,0x7bfee91193d9df2ac0bfe90191d40f23c773c060,No,4688.068149,0xe25636ddfb3812bfc80469480677082f7c8e3d4825535b623265e41568bfde7f
10,2019-04-26T20:06:24.000Z,0xdbaa8b3ae4409348e7159b0966641d29381ad783,No,282.4342279,0xf968e3e20b671fc4f5b7a9c46be8d176c5d5819c337f8bce72c88e0c7f1dabea
10,2019-04-26T20:51:55.000Z,0x662127bf82b794a26b7ddb6b495f6a5a20b81738,Yes,1,0x5d2458e0e4ec7ce7cb4fe78eb42be256019950789bf1ddc309d8e872a0fd8b0e
10,2019-04-26T21:19:45.000Z,0x22acb809d08ae7c79f0b84513efce0577acfe514,No,16551.13398,0x6a7562562f83a90fa3e75dce73eab2d57420c49a9e6da262ac672da0e634aa22
10,2019-04-27T05:26:22.000Z,0xee2826453a4fd5afeb7ceffeef3ffa2320081268,No,50000,0xf1db2f794ba3182dc5c3e76782c1303325dc5e3674deb65a21f9b8c67b054849
10,2019-04-27T08:22:40.000Z,0xa4887ea048a49b34ee531fb43113ecaf930445e3,No,400,0x63ce247a8008184df9cce091d15e4cc872aa0f222e85cd83b121af05d0416c92
10,2019-04-27T08:49:33.000Z,0x1dffdb114e58baedbd25290a1efffa9fc3726d1f,No,3000,0xf2b07f19b5f8cf7c6ad9f6cec56642398cbb9ace86d9db20d09619b0389b6298
10,2019-04-27T12:42:38.000Z,0x8b6a9b7c8d8ed99ff02314f779f5a1b7e8474548,Yes,20000,0x6ab9241628950112abdeecfbb0e9a8dbad67c80aef63d3866c8d11ea4d035292
10,2019-04-27T13:23:18.000Z,0xd8265cc1d176a0d734834a0f60d9d2d53bae66f6,Yes,792191,0x57be9113ee1d0730722663fe11b069c8368b745f00d0bee4980ddef193d28ffc
11,2019-04-25T16:26:44.000Z,0xd472fa32294977196b9ad47e7865e0d737220e32,No,33700.9834,0xa25c4d87a9b97dbfde655f4195ee5dacaaa8aa9f5b481f094046aeb23288cdee
11,2019-04-25T16:26:45.000Z,0xf925fdaea552d36a5291335941ab7a046f960a80,Yes,13.7,0x3a076793d2d3b5b0f0134b0e6eb471af4900590a2ce995b13b3e17302aaafb2b
11,2019-04-25T16:27:34.000Z,0xf925fdaea552d36a5291335941ab7a046f960a80,No,13.7,0xfee5fe28d5ee184ef4ea06ad14709d49535a8283303d0d02215dea5c666e01de
11,2019-04-25T17:15:30.000Z,0xe2f35b376461e7fdd2f2e45248e4c3cd9626a933,Yes,4079.955477,0xa3f101984b89dcc5f1be45463f0549c6fe8374dd8167b5fa853047b7252c89e2
11,2019-04-25T17:23:48.000Z,0xa4ae57a1b051ff0980bc9dc59c36cd65f0fa7a11,Yes,23921.19159,0x47890e2124dc3d020f7e9eb195d746c31cca9ff28445f6442bfabac28d8a7307
11,2019-04-25T17:27:22.000Z,0x424b61266a329b8339d688dc397d377e789fce90,Yes,3998.7,0x27ed4614b211d0bdf58a65253a6bbd07c7921e8f8dec7cd9c531c818fcda6d9b
11,2019-04-25T18:00:26.000Z,0x0489076a0d17394835af93cd62acff703b6814a9,No,64191.4,0x5f4c51a3f3a4864b6c3a45895ea19992701718f7677eff970c759963ef337434
11,2019-04-25T18:10:24.000Z,0x0489076a0d17394835af93cd62acff703b6814a9,Yes,64191.4,0x1782cd47f5c16ad2ac9dd03f5c9194e67c6733f0f53a66bcbf5e64543f0e53af
11,2019-04-25T18:32:06.000Z,0x5ae336f5c5ae878f7b9a1eb3dd5169d92d8c43d3,Yes,552.8694924,0x164b622ae980f884648370631d02891b7936f1bd6eaa94b23b11df7106c728d2
11,2019-04-25T18:34:04.000Z,0xbdbe724f311ae26597f25b8a4c45840de67c94c5,Yes,114.0764211,0x212a2931c4e043f4a7253c331e0b11c70b560fb6b66453b95907d2218fe357e3
11,2019-04-25T19:03:35.000Z,0x3a0e6b374fcc051172ab4fcc3599f245bbaf02a2,Yes,350,0x6fbc2d5542a3530e35d947040e92b3debe79d71cabb57dc6a18cd0d3d81cc628
11,2019-04-25T19:21:14.000Z,0x995f8ac433f4f881708c279abeabb78379e744ff,Yes,49.49098863,0x89539467fcbcb16b7c903e20223fd0737128b6bdcd1fad33dd9cb557e304c793
11,2019-04-25T19:23:42.000Z,0x68f9d801c96ac6ccf562f3600cef77c4504449b6,Yes,5,0xeeaa92f1c6c094bca902c5ab3562f694aecbf16f1cd4a299b15fd158df16ab21
11,2019-04-25T19:24:08.000Z,0xc3efb7341bedae640b68f1e3597f0c0662e14ba7,No,1510.761544,0x9cb1e026f6f46d58a01cffd2b1e4d1b40f1fd9ee8403f5d7c34063f3c0bac83c
11,2019-04-25T19:43:08.000Z,0x974d012bfbf0ea561063c08fd39c68326b33f83b,Yes,82685.11012,0xfb48533e3fa9e080d7c80eacd1ba1e75a55cebbe86b36ecc53fea2e5cf6aa9d5
11,2019-04-25T20:42:04.000Z,0x471c1bbf19cd5a7b57e66f82a5b0d1668c8d65f9,Yes,175264.7994,0x79fd954b55c4adb353ae94978442233af9959eb092dfb2d432cff225f7a51e36
11,2019-04-25T20:56:54.000Z,0x839395e20bbb182fa440d08f850e6c7a8f6f0780,Yes,5762.342012,0x116ba10273cda4f4d20b2628301be2c9bc004b4efcb4a3e90a9a84404d030a69
11,2019-04-25T23:35:11.000Z,0x6c0b6a5ac81e07f89238da658a9f0e61be6a0076,Yes,5000,0xa10ec13c115f1f09b82421e8c300e9c26dcc3b375a1c517dc65b6a2a2217be33
11,2019-04-26T07:25:41.000Z,0xd395d4a9753310f3940de2673c70c251224e3d07,No,0.05363874,0x5f6acf5be65004e9d4b4754e25d7a93e9e9921871aad3e79d77f6aa850fda8b4
11,2019-04-26T08:39:23.000Z,0x1a597758300f1a7bc253d9b1f3e4d15f9bfbe05e,Yes,11190.60615,0x2ccad4e6039b9cf70b0c47970e32f0167ee163365d23b1f71f9fafa4652caf2f
11,2019-04-26T09:36:54.000Z,0x00e3f8e167e5de09ec6bb58db232760750ac12e5,Yes,2000,0xc44af0f43597bb2d74dc20a45c83a40defe9246c37c8a9ac0966e239fb9ef8f7
11,2019-04-26T10:06:18.000Z,0x9dcb907faf7e00345beb97cc8395ba89a20be5b9,Yes,5243.103691,0x642b3de2d02399711abdfaf48034ce920cbcdbd25defff197a6be8cbd029f6b2
11,2019-04-26T11:55:06.000Z,0x52ccabeebd9a77c2c8fbf03924f3f2870bcf6f1c,Yes,226.3003175,0xc2361e61b40470f64ec7029bd3599015bee71373862227c345a20f9d49d85d8f
11,2019-04-26T15:05:18.000Z,0x0bf4c238a25b66cd869331a692dfd0322708d7fb,Yes,25.71870149,0x799ef6452869428b313dc496461fd4909413969f7ec4f1b64b32111457e24621
11,2019-04-26T17:09:32.000Z,0x583da21ad0c1171ae4b6cf24d92c46f033a0a794,Yes,223.0599262,0x7391f85a601b51c8366eb04cb8af69edfa6b534f889af68d7d858713929b7046
11,2019-04-26T17:24:31.000Z,0x450c0c90706a8cc664e8b496711370b43415715d,Yes,47548.26097,0xa92d29ad000b988fd70ae06f43535b8f82ffef60fbba268151e8adc8de67d830
11,2019-04-26T18:25:58.000Z,0xbfc7cae0fad9b346270ae8fde24827d2d779ef07,Yes,218.4081505,0xa001b5935938ca7804ec0179ca2547d29f6b42fa3bc56605ee5efb784a84906e
11,2019-04-26T20:35:03.000Z,0x662127bf82b794a26b7ddb6b495f6a5a20b81738,Yes,1,0x717459803838b46f38c8ca881e6ded6ff18d1a26bf5a41d423df3d9f8484e3e5
11,2019-04-26T21:20:18.000Z,0x22acb809d08ae7c79f0b84513efce0577acfe514,Yes,16551.13398,0x82972c4607280a5ee0db4c56725160e466ded309c02006c7930c66f9460ab9f5
11,2019-04-27T08:07:21.000Z,0xa4887ea048a49b34ee531fb43113ecaf930445e3,Yes,400,0xc7f8f19f9c0818f167419d2c4e63d95e7b52fa0c5dfda2a081e31d218f0eb814
11,2019-04-27T08:51:54.000Z,0x1dffdb114e58baedbd25290a1efffa9fc3726d1f,Yes,3000,0xbb71192ba6d92958063c9179e3aea64f16e1a6e4c6da65b62131cab568c22923
11,2019-04-27T13:38:05.000Z,0xd8265cc1d176a0d734834a0f60d9d2d53bae66f6,No,792191,0x8fc1db5c85aaafb6f64385c3b0e54a52b1725aac1498277140bf3cc29e23380d
12,2019-04-25T16:28:12.000Z,0xf925fdaea552d36a5291335941ab7a046f960a80,Yes,13.7,0x4606c3e19ccd8fceb4f92581988b1ee13aa4ccfdd4cd0bc9f6c251d44d014862
12,2019-04-25T16:29:24.000Z,0xd472fa32294977196b9ad47e7865e0d737220e32,Yes,33700.9834,0xd3339a9c61e22d4da25249d64d9535a48eb51c200098569b6ce3eb47b16a03dd
12,2019-04-25T17:11:05.000Z,0x6543c99d0e073c140fd08a741c6cfdcd1449da94,Yes,95.21731432,0xa60d97ef6fbb7442b8c773f265d8d9d4858787581e9288a5a8efa24459c99ae2
12,2019-04-25T17:11:05.000Z,0x6543c99d0e073c140fd08a741c6cfdcd1449da94,Yes,95.21731432,0xa00859f27189cac2c001d28db32f4f6a479c13a79abdfc90d5716ae9fea31dfc
12,2019-04-25T17:11:18.000Z,0xf6f90fb02fc7de2b5b0b8d198da6b84814a121da,Yes,100,0xcc7465642179dca2be45aa75b6d711e83487cde45aa7738fb23b50e8ac0187c1
12,2019-04-25T17:12:32.000Z,0xa4ae57a1b051ff0980bc9dc59c36cd65f0fa7a11,Yes,23921.19159,0x8ac6c8f212f2a5f9327d55974fc97886884d3091216556f8a889a41d1c414ca2
12,2019-04-25T17:12:53.000Z,0x424b61266a329b8339d688dc397d377e789fce90,Yes,3998.7,0x4d027594d7aebb885a5f7bf59f062b6959016b86f269f3b0c5e1a0aef8eb0f71
12,2019-04-25T17:13:25.000Z,0xc7b51a1637f86f130686eebd1aae67c051888351,Yes,495.1525761,0xcf04dcdde9bb4922220e1fc60a984cf695abdbf2293a3c13d483d81f229ac952
12,2019-04-25T17:16:05.000Z,0xe2f35b376461e7fdd2f2e45248e4c3cd9626a933,No,4079.955477,0xf05b1b7594bac8fdc98827bf3dc190931fe8f039dda9ed3d54699960f23e9a29
12,2019-04-25T17:49:48.000Z,0x0489076a0d17394835af93cd62acff703b6814a9,Yes,64191.4,0xd3e9a15de936215742f4a447da6fec0a346a9bfd960aaae7a1003f48cc35a44c
12,2019-04-25T18:35:31.000Z,0xbdbe724f311ae26597f25b8a4c45840de67c94c5,Yes,114.0764211,0x9d9886ac5081bf155ce3968f82160ce7be4eafbc3a5de86af8ccbe714d26e900
12,2019-04-25T18:35:59.000Z,0x5ae336f5c5ae878f7b9a1eb3dd5169d92d8c43d3,Yes,552.8694924,0xccd6fe5a0af072e1e3b35189ba971fbb59542f198a4bdf47b1f2590712c19ad5
12,2019-04-25T19:06:20.000Z,0x3a0e6b374fcc051172ab4fcc3599f245bbaf02a2,Yes,350,0x0cb35215eeb84d17ab487057089de4caba28df97bc2475ef89953eab43ba4763
12,2019-04-25T19:09:36.000Z,0x901e9ffe28c136759399025ef9d2da2ca9089bd2,Yes,474.0704343,0x557f763ae39864fc23d0388e39560eefd61bc5329196d66479669cd8058a89fb
12,2019-04-25T19:20:36.000Z,0x995f8ac433f4f881708c279abeabb78379e744ff,No,49.49098863,0x224501526501520045ce9a6571396c11ce9149d2eed50bc76fb087d55ac4e845
12,2019-04-25T19:24:08.000Z,0x68f9d801c96ac6ccf562f3600cef77c4504449b6,No,5,0x2668fa8419720e5979884c42643db592c3933a1d74c61c155bc39974d5cbffab
12,2019-04-25T19:24:38.000Z,0xc3efb7341bedae640b68f1e3597f0c0662e14ba7,Yes,1510.761544,0x867af6a44f065da7ecac9b09370d52aa1c5892dc1d89c4140b7b92988b3f4785
12,2019-04-25T19:44:17.000Z,0x974d012bfbf0ea561063c08fd39c68326b33f83b,No,82685.11012,0xa53d0197c8e2461423090eb2e3bedc56c9c3d875e07e143cf122f62f074a04c6
12,2019-04-25T20:42:04.000Z,0x471c1bbf19cd5a7b57e66f82a5b0d1668c8d65f9,Yes,175264.7994,0x3f19cd8a1a4a2c5809b7ff51750ac5496c21afbce332e8b2c6a04380d285dc7e
12,2019-04-25T20:57:02.000Z,0x839395e20bbb182fa440d08f850e6c7a8f6f0780,Yes,5762.342012,0xbe55c91bc0721108f56ea1276b06c71ded1fa3230578e7f146f7e96b2cbaedbc
12,2019-04-25T21:01:42.000Z,0x370ceca4fc1287ed99924bba76259f6c771a6022,Yes,76593.51492,0x983626669a88549759e017bee753272a8a69982fe6ba5c32a663dcae00daa636
12,2019-04-25T21:33:26.000Z,0xf83775c95a00612d4cac5053dd484ffa81bae0ad,Yes,15,0xb3cfab0aab392b6ec1ecd01009a6a46e9cbb9988517683a028045ff7398bd2db
12,2019-04-25T23:35:19.000Z,0x6c0b6a5ac81e07f89238da658a9f0e61be6a0076,Yes,5000,0x96c12451fc4483dc74b294352b57ff40133ec50f87d32837fc5578b274caae64
12,2019-04-26T04:43:27.000Z,0xe7f3722a36f1a08c4db998122553785d94081ebf,Yes,198.7,0xf61803295982e67f127f621154fe07f7fb82b9f3fc26ed00b1c6402177cab3f1
12,2019-04-26T07:29:28.000Z,0xd395d4a9753310f3940de2673c70c251224e3d07,Yes,0.05363874,0x439b21dac2d66b1c2bc9bd0050cbd9446ffe721f5cb46783bce3365193224b51
12,2019-04-26T08:44:46.000Z,0x1a597758300f1a7bc253d9b1f3e4d15f9bfbe05e,Yes,11190.60615,0xcad5167297f35220af78d009018d2283d0535b4bd5e7698e0d58e15a5eed6acc
12,2019-04-26T09:16:44.000Z,0xdd36c6c74abd4fef4ebcfb42d4622435d5f2c5f0,No,80000,0x106f8ddbbee2e6ed1eda18d54a470c1b753056b22f494705ae5040f84e8a4f04
12,2019-04-26T09:36:58.000Z,0x00e3f8e167e5de09ec6bb58db232760750ac12e5,Yes,2000,0x39bb9a4e853e68feb76cc3206e24a8f44e8b49dc5bf7f7d9e15f47ce847cc7d6
12,2019-04-26T10:06:12.000Z,0x9dcb907faf7e00345beb97cc8395ba89a20be5b9,Yes,5243.103691,0xbf050b8b9d6a71b0cdf3f38e81e0a14177e63c49a009bab628f54d83acdaded5
12,2019-04-26T11:56:16.000Z,0x52ccabeebd9a77c2c8fbf03924f3f2870bcf6f1c,Yes,226.3003175,0xb358acc676d660ae1a99bfdf0fa79a82db9666de6f36ac734eb4ada4193043d3
12,2019-04-26T14:12:35.000Z,0x9e889af7167f7dcbbb5cdafe947f1392b31b2357,Yes,17.7,0x457db6663548a73a88ce760360d59a0fc267895bbf81f5bde4ecc414797a42a3
12,2019-04-26T15:34:19.000Z,0xfa75cb0cfda814f7d49891bcdd28308c31e72d63,Yes,880.5850342,0x27f2d727a88111a2faf89ced904921e399f4e9bb340f5f912838a88948a5dc15
12,2019-04-26T15:35:00.000Z,0xe1ad30971b83c17e2a24c0334cb45f808abebc87,No,31300,0xa129e0713576644606263e5654c67fe14a16830b5ed35b00c238708e44b06800
12,2019-04-26T16:13:20.000Z,0xe3a44dd2a8c108be56a78635121ec914074da16d,Yes,375,0xec56a44b1bdc0ba219231cb1e0f3322a0a7bffc287297b9a4869a4a7b85c7118
12,2019-04-26T17:09:49.000Z,0x583da21ad0c1171ae4b6cf24d92c46f033a0a794,No,223.0599262,0x5a63fb5ba744bbe753af472fe8a53cfa5997949244a5407395fabaeec2c2df92
12,2019-04-26T18:23:09.000Z,0xbfc7cae0fad9b346270ae8fde24827d2d779ef07,Yes,218.4081505,0x489e50b1eadb3c990427f133a7e55671bda66d73197723c1156a4558c3e2278b
12,2019-04-26T20:50:31.000Z,0x662127bf82b794a26b7ddb6b495f6a5a20b81738,Yes,1,0x9d422cb6429deb8936ee39ba1267bdddb42995eeaacb50ea21b20087fd7d06f6
12,2019-04-26T21:21:55.000Z,0x22acb809d08ae7c79f0b84513efce0577acfe514,Yes,16551.13398,0x3a49012f3058af7b4e50d4f4fdd1c760dde0ba82e981828c9aa1f184ab7d680c
12,2019-04-27T08:34:24.000Z,0xa4887ea048a49b34ee531fb43113ecaf930445e3,Yes,400,0xa574ff7d470fcfb789d9fb5637d0e5604e94204166148f0b428d4b2a285f7eaf
12,2019-04-27T09:16:06.000Z,0x1dffdb114e58baedbd25290a1efffa9fc3726d1f,Yes,3000,0x77d3c6527f4edb1c23c15b000867b7c8acb91658e3049da4d49d0864233887b5
12,2019-04-27T10:57:29.000Z,0x4c4d2ac40721aa756970401d57af0e237a3fd607,No,15,0x052d8f984703dc1e74419727bf62d25809637aa25845b60888442604609d33c8
12,2019-04-27T12:43:23.000Z,0x8b6a9b7c8d8ed99ff02314f779f5a1b7e8474548,Yes,20000,0x3bc48c09c38623bb81a56f64580edacddfa4ee2bce55aebe808a629bc0513e03
12,2019-04-27T13:38:56.000Z,0xd8265cc1d176a0d734834a0f60d9d2d53bae66f6,Yes,792191,0x9462754d64f64aea9d749a0000b4fc4fe178f454227bf9c13cd8d09b7080046a
12,2019-04-27T15:34:27.000Z,0x4059457092cc3812d56676df6a75fd21204fbe2f,Yes,1095.8,0xc5abbc45d9928b8a5185403317dd65980dfc27b3f1b53d113d94e02cb445aefa
13,2019-04-25T16:25:03.000Z,0xd472fa32294977196b9ad47e7865e0d737220e32,No,33700.9834,0xa185dc47c35c6f3ccb13094a8a02828029ad15bc9c74bb13b4a816f214caeb91
13,2019-04-25T16:25:38.000Z,0x9e889af7167f7dcbbb5cdafe947f1392b31b2357,Yes,17.7,0x9a603e0ea190ed4516abec44856c03c2fbef2a15ede3a80e2664abae320f0b48
13,2019-04-25T16:28:19.000Z,0xf925fdaea552d36a5291335941ab7a046f960a80,Yes,13.7,0x2242fd726d87b8121fd42332436aac00b35f4539fd0239039b3b6e91a8f00c3d
13,2019-04-25T17:04:30.000Z,0xe2f35b376461e7fdd2f2e45248e4c3cd9626a933,No,4079.955477,0xc2f4f1b4b1f93bdc4953b856c3ca3ac052f9d401aacbe80e249cc422fc77115b
13,2019-04-25T17:10:20.000Z,0x6543c99d0e073c140fd08a741c6cfdcd1449da94,No,95.21731432,0xaced5553ac46334b5ac52d5cd45d07b6f85c455bbdf846a2e8b6b6bcb679c059
13,2019-04-25T17:13:10.000Z,0xf6f90fb02fc7de2b5b0b8d198da6b84814a121da,No,100,0x2773bb5ec04b1bd7c313b45913a554191d5bde1d328e95ed442d69f2e85622b3
13,2019-04-25T17:37:49.000Z,0x0489076a0d17394835af93cd62acff703b6814a9,No,64191.4,0xd31cdaf12f37538689ba43b51b11112f3684de904bb7d0983bd692117f67a270
13,2019-04-25T17:49:19.000Z,0x282173335ae1f328b34eb9acadc052e59e70a89f,No,1000,0xacf3a242e25a24348a25b7dca719ac45e184eda7fd5f1f5cf1081fb4dddac8b6
13,2019-04-25T18:19:24.000Z,0x15c423e2c5e4980d556acd3a02ccb160d0a1d03a,No,61.69151007,0x17e1d82cada257c8845f4a46e986208adc10eb1336ac9d32f2548a7827f4157e
13,2019-04-25T18:34:04.000Z,0x5ae336f5c5ae878f7b9a1eb3dd5169d92d8c43d3,Yes,552.8694924,0xffd7c2436eab7e546dd3468d176c275f2d3373ee90c900d9910558771c316128
13,2019-04-25T18:39:01.000Z,0xbdbe724f311ae26597f25b8a4c45840de67c94c5,Yes,114.0764211,0x5ab6c80f8460b90748cf6ff15095fadde5f17a090db667e50e6418cc80d3e626
13,2019-04-25T19:06:39.000Z,0x3a0e6b374fcc051172ab4fcc3599f245bbaf02a2,No,350,0xf204d9e20a034b11dd5d86f70f5bef78b021973dde3a2091dfb9b344eb001f77
13,2019-04-25T19:11:54.000Z,0x901e9ffe28c136759399025ef9d2da2ca9089bd2,Yes,474.0704343,0x806b2e63e2a5b0d1a7867ecbc1ec45a8d3fa9148f06ffbd2aeaff24275386d7f
13,2019-04-25T19:18:33.000Z,0x995f8ac433f4f881708c279abeabb78379e744ff,No,49.49098863,0x01061906de5cc71302321ce9a90d09531c12c96186f2662cb9f4c8fe58f48b19
13,2019-04-25T19:21:14.000Z,0x68f9d801c96ac6ccf562f3600cef77c4504449b6,Yes,5,0x85e20698eaaa972012eb8125dcf2e8c35d14e07b16fbe433d16c6c270280e52e
13,2019-04-25T19:44:17.000Z,0x974d012bfbf0ea561063c08fd39c68326b33f83b,Yes,82685.11012,0x8ebceb4bdd7b2e249ef831b5fd88ee24f4ac331971380a41d79a310ca41ca589
13,2019-04-25T20:42:14.000Z,0x471c1bbf19cd5a7b57e66f82a5b0d1668c8d65f9,No,175264.7994,0x871cf2a3a5318fba400aa50761d056daa31a60cc7b102c6af16ec17d9612736c
13,2019-04-25T20:52:18.000Z,0x370ceca4fc1287ed99924bba76259f6c771a6022,Yes,76593.51492,0x5adccc2535a7ce786768fee4b9e2f6f3ae7b8e8f62507a8dbec169a5e798d485
13,2019-04-25T20:52:52.000Z,0x370ceca4fc1287ed99924bba76259f6c771a6022,Yes,76593.51492,0x6d2220c2da48fa2230d0f77491bc6321441a4a2282b3681fb5feee0f055f7a37
13,2019-04-25T20:55:42.000Z,0x839395e20bbb182fa440d08f850e6c7a8f6f0780,No,5762.342012,0xf6bd8bf65d176e7d815b224629e307cc311e39898ee5a9489bf2436f9b193046
13,2019-04-25T20:59:36.000Z,0xa34f16c747e7eb21a32c28bde173c2fb099c70a1,No,67269.23193,0xff6bcb9ac255645df63de53a2f58010764bc8164e495d334fdcdb2c918a2db3a
13,2019-04-25T21:32:45.000Z,0xf83775c95a00612d4cac5053dd484ffa81bae0ad,Yes,15,0x87201693b42cfc9d903ad5431d210b854e0c69ad3c313c288a5bcb916e0626bb
13,2019-04-25T21:54:47.000Z,0x974d012bfbf0ea561063c08fd39c68326b33f83b,Yes,82685.11012,0x6f217f1c4d924abbe1b72259af4adefb0faebd9a3e6c27f17368d7f984860f34
13,2019-04-25T22:02:22.000Z,0x68f9d801c96ac6ccf562f3600cef77c4504449b6,Yes,5,0x4b08bf4fc0db043dc0e39c45e8e7c62b2ea477a6d180397693fccb40daa3b3a6
13,2019-04-25T22:15:07.000Z,0x68f9d801c96ac6ccf562f3600cef77c4504449b6,No,5,0x91e71dde3b1e71f8589a8f6fbda22fbde00c56042c83e0568edb938f799f9dfd
13,2019-04-25T22:17:15.000Z,0x974d012bfbf0ea561063c08fd39c68326b33f83b,No,82685.11012,0x67eba218e2754252d6a679abb72c37c0dea9db6fc29debf046cba9babbd24784
13,2019-04-25T22:17:57.000Z,0x9cfd88828640ded0dcd140d5b17c10b7d07822bc,No,10000.41379,0x8f2585c7d55c76df8107735de2b1d99174587aed7acd35d1e59fb8f77fd8cca7
13,2019-04-25T22:18:01.000Z,0x702eccb2b9bf886e27b0698601dc735501b9b546,No,89575.16863,0x898dc13e8c08b327080819b05209149816875ff2ee688ecd380c340454f6e469
13,2019-04-25T23:36:09.000Z,0x6c0b6a5ac81e07f89238da658a9f0e61be6a0076,Yes,5000,0x139722c55de9648fc4dd7ab2d70cbbc3c5f4df04c53c5e37c4cf67881a33d08e
13,2019-04-26T01:23:59.000Z,0xbf15bd159ae5b410c4b7d4ae0230fb81f2f21cf1,Yes,29000,0x9a0515567fe5a4ef0b4870398c71949bea9db2b4c946f33c533721224abceccd
13,2019-04-26T01:58:30.000Z,0x0fd297255ec21fbb88dee67cb8bbc372a593c539,Yes,338.8166126,0xe23101de0d3db8a07245388a61e7d13041a413a953fc1f4ca9e64add1abae178
13,2019-04-26T02:35:09.000Z,0x51343c13216afbbc0202b824ad532bdda1e222a9,No,105,0x3adfece24dfe5680f0978d6ac906b11a70672f8d5b53d4390c5f8c535c314d6b
13,2019-04-26T03:24:41.000Z,0xfa75cb0cfda814f7d49891bcdd28308c31e72d63,No,880.5850342,0x67f9f8e2f20bb46efa173887abf265ae0a0d2f54014bdef21537856ac3836cae
13,2019-04-26T04:41:54.000Z,0xe7f3722a36f1a08c4db998122553785d94081ebf,Yes,198.7,0x8f0c5ca4b58ee3e21b349c1ee78b7098984c0ea5447de793e2dc8732d85b20d3
13,2019-04-26T07:37:14.000Z,0xd395d4a9753310f3940de2673c70c251224e3d07,No,0.05363874,0xfbf4cd72f1e0aaf93844a9b7dfc54183048fe8f1f9a967141e2f83f15cf74eda
13,2019-04-26T08:45:32.000Z,0x1a597758300f1a7bc253d9b1f3e4d15f9bfbe05e,No,11190.60615,0xb1d7266f85b3f7124af5e917c889c32e5e69b4f3e948efc903e573b79d84f047
13,2019-04-26T09:08:44.000Z,0xdd36c6c74abd4fef4ebcfb42d4622435d5f2c5f0,No,80000,0x4e83c5b89f8b16e1b89271afe634d94e6791b98c10f30baf80bdcb5ea463be2d
13,2019-04-26T09:37:31.000Z,0x00e3f8e167e5de09ec6bb58db232760750ac12e5,Yes,2000,0x9f5ce22f413f43c26e2a0b8e0b79110b5ed28cb5769384ac42ace00cda32e309
13,2019-04-26T09:49:54.000Z,0x88f1706c20d94a4d1551c5f799c9e3380a24c3ac,No,290.68679,0x6c4200b8ffa2750a0637d580875f7b5736432fc6b90e6c55d5575dbaa51baa9c
13,2019-04-26T10:05:36.000Z,0x9dcb907faf7e00345beb97cc8395ba89a20be5b9,Yes,5243.103691,0x456afc75d346751adbd9c8cd87c13057991caf24cef62a81ebadd0152cc810f2
13,2019-04-26T10:12:20.000Z,0x51f6c2f8be5ca8bb075c7eb9dd25b2aa0dd37af3,Yes,4446.115693,0xc5d6641626768c86e2616ad9cdd628192ac0556df75fa7207db20e4d883827f2
13,2019-04-26T10:44:40.000Z,0x47e317b00862fa05ffc5d0c063dfcd45e9c5e456,Yes,3670.12,0x7e1cf6aff92d5620a6e413a06c2dd8831c128f6189ddb8ea7f5310c849390bb8
13,2019-04-26T11:57:46.000Z,0x52ccabeebd9a77c2c8fbf03924f3f2870bcf6f1c,Yes,226.3003175,0xdac4905ef046970acb38429ebb709183ef0e7bc19d0b723163db63f8dfeac8f7
13,2019-04-26T14:10:33.000Z,0x625236038836cecc532664915bd0399647e7826b,No,100,0xf4ce333200694379470d9da5411cf3b8d63f351dc757603b8d0dbe7ba776dd48
13,2019-04-26T14:11:54.000Z,0x625236038836cecc532664915bd0399647e7826b,No,100,0x3c5ac18c71c173881ea80b83b2f2137fa972ad32832fe6325257ba0ee2e9e57a
13,2019-04-26T15:22:55.000Z,0xe1ad30971b83c17e2a24c0334cb45f808abebc87,No,31300,0x950f712baf22b79be0cde1a59f5bdd33be04ec60a7ff07b8e3f0a781cc00d996
13,2019-04-26T16:13:48.000Z,0xe3a44dd2a8c108be56a78635121ec914074da16d,Yes,375,0x411fd1b88e4def248d8d1e6a72af954ba6586a6486b05bfeb6334489fd792bcf
13,2019-04-26T17:10:31.000Z,0x583da21ad0c1171ae4b6cf24d92c46f033a0a794,No,223.0599262,0x88d4657c617c3c3f079636f44de04e1f87cc201da77a3f7e47a047c740ae4474
13,2019-04-26T19:39:06.000Z,0x7bfee91193d9df2ac0bfe90191d40f23c773c060,No,4688.068149,0x753026f5e1becafac107a15d09b95523888716b9e21ddfdaaf2d545b32748c35
13,2019-04-26T20:09:04.000Z,0xdbaa8b3ae4409348e7159b0966641d29381ad783,No,282.4342279,0x9f05050845b9af8d7431fe99f9368c6eaff75b6c6f91a5e8a956a47b2b4036ce
13,2019-04-26T20:51:26.000Z,0x662127bf82b794a26b7ddb6b495f6a5a20b81738,No,1,0x489ecc610a0c56c0b49cf8f40649b56f2476596cfb24f07ef2eb452a592dc315
13,2019-04-26T21:19:17.000Z,0x22acb809d08ae7c79f0b84513efce0577acfe514,No,16551.13398,0x141799fe7fe888ae30954cb9149c75e4bf8d10a0ec4c9188c5e87eb41377c351
13,2019-04-27T02:03:36.000Z,0x5a36c5bb86b1d8037576fda54422e60823067063,No,0.72238671,0xcfd61adec93017e95940e764f01e94f38d4488c0649e2be4db39c627baf93faf
13,2019-04-27T04:24:43.000Z,0x370ceca4fc1287ed99924bba76259f6c771a6022,Yes,76593.51492,0x5c52cacf8ffed46f1c8a9724124006b184be1fba8a4c11db16ecf96c970f6fcd
13,2019-04-27T05:23:27.000Z,0xee2826453a4fd5afeb7ceffeef3ffa2320081268,No,50000,0xc23ef5da71d6a767687b19d128c5150d7b67751465a2de1095c5d8d0bb504e7e
13,2019-04-27T07:59:47.000Z,0xa4887ea048a49b34ee531fb43113ecaf930445e3,No,400,0x5d36aa62de9b3485bf94f1c6312f70860038ae42192887098b24ed5f6fc4b4e5
13,2019-04-27T09:16:29.000Z,0x1dffdb114e58baedbd25290a1efffa9fc3726d1f,No,3000,0x172266495bd559da05a49c854862f686515da24a7e6d35eae98030e7196b0e6b
13,2019-04-27T09:56:13.000Z,0x55a16a377f1ad57f641c92c5c3b6307a86fcb8bf,Yes,14.28831066,0xc8b4c82ab0ba6816618b3b9b3f7582adab640d6e64de2c9588750ee770ace75b
13,2019-04-27T10:55:18.000Z,0x4c4d2ac40721aa756970401d57af0e237a3fd607,Yes,15,0x90b371fcea0761bd57ebff3763e84ada39fec0d797d5686c0ce134e7671fb469
13,2019-04-27T13:18:50.000Z,0xa08d4ca03aa7e83785d6eaf386f0b2ddbefcb482,No,10376.03023,0xebb95ad24f2547a457eed6fcac7331f7ec4cf95adf02eb83378d88a59640cf5a
13,2019-04-27T13:39:48.000Z,0xd8265cc1d176a0d734834a0f60d9d2d53bae66f6,No,792191,0xe8860d6edfc2b204d53246cbe1561e70df1dea510ff7c9f2b84fa8d4a45c37e2
13,2019-04-27T15:34:31.000Z,0x4059457092cc3812d56676df6a75fd21204fbe2f,No,1095.8,0x813f4e087dbde3e880756bbcd83589534cccab66386f392af6f507c0247f7384
14,2019-04-25T16:23:10.000Z,0xd472fa32294977196b9ad47e7865e0d737220e32,No,33700.9834,0x436fc5a5bf61f42ed65495c58a3fdf3eb5061bbfdf2f1de56421008ffc5a4432
14,2019-04-25T16:28:19.000Z,0xf925fdaea552d36a5291335941ab7a046f960a80,No,13.7,0xbb4cbcab624b44fbb2b34b118dfd2bf6de6011e8f54ea4ccae020182a48cd577
14,2019-04-25T17:04:30.000Z,0xe2f35b376461e7fdd2f2e45248e4c3cd9626a933,Yes,4079.955477,0xecc91adbb61d598cb9c47a77ce060cd3a6cbfb31780a3a40b88de992b538c722
14,2019-04-25T17:07:18.000Z,0x6543c99d0e073c140fd08a741c6cfdcd1449da94,No,95.21731432,0xbc76ee6241b3475772042e5251fdbe0b79f7b0b944e8e3db2cabb41d7498e67f
14,2019-04-25T17:12:26.000Z,0x424b61266a329b8339d688dc397d377e789fce90,No,3998.7,0xcdb98cb7149b314f67473176d05f1cbb99acdacef2014d1b76c227eb9556575d
14,2019-04-25T17:13:25.000Z,0xf6f90fb02fc7de2b5b0b8d198da6b84814a121da,No,100,0xe5cb4c7efc328079aa9aea658d1d79e75f1ac86e95bcb90d3d7d75993ace4349
14,2019-04-25T17:14:26.000Z,0xa4ae57a1b051ff0980bc9dc59c36cd65f0fa7a11,No,23921.19159,0xcd299fefed272d20f9f4aeccc13f20f7bdf4c534ec87da7dbe7a2e5da69a44ca
14,2019-04-25T17:46:53.000Z,0x282173335ae1f328b34eb9acadc052e59e70a89f,Yes,1000,0x3f37049388547924c5c4cbe5c7b4f9ed4b627b681f2c7ed5a653ac2194a8a1e7
14,2019-04-25T18:29:21.000Z,0x5ae336f5c5ae878f7b9a1eb3dd5169d92d8c43d3,No,552.8694924,0x10ba693c444768c591f907c0f14937f18ea029da4f8118b12d3edf60b859950d
14,2019-04-25T18:39:13.000Z,0xbdbe724f311ae26597f25b8a4c45840de67c94c5,No,114.0764211,0xd00764d6d8a2246f9104e9ce323624fe4057d11b18b089fb0f31fe348474dc1b
14,2019-04-25T18:41:18.000Z,0x15c423e2c5e4980d556acd3a02ccb160d0a1d03a,Yes,61.69151007,0xf7ac1ee2e3f8277335ac111c82b3f3f019f69190dcd0132113b1d848529d8c59
14,2019-04-25T18:59:47.000Z,0x901e9ffe28c136759399025ef9d2da2ca9089bd2,No,474.0704343,0x4b885dc8df40769a4aa9867745b1705ca4a8bcbb6a6ed8c3ed708fb9f48d4c7d
14,2019-04-25T19:07:27.000Z,0x3a0e6b374fcc051172ab4fcc3599f245bbaf02a2,Yes,350,0x24fc1081bcbaf948040695a84d006d5edbf20beb288edfa44ed45a340c46a8ff
14,2019-04-25T19:12:31.000Z,0x995f8ac433f4f881708c279abeabb78379e744ff,Yes,49.49098863,0xc5788bfeb849bf3be8dbd23701f4bbe17c0cd02ddd159f047574ddc643c8f9a9
14,2019-04-25T19:22:17.000Z,0x68f9d801c96ac6ccf562f3600cef77c4504449b6,No,5,0xe6c76c38bb0f7d06770bc2659a29ecfc612ea639c57608fdde33c8aeb9ef6305
14,2019-04-25T19:22:17.000Z,0xc3efb7341bedae640b68f1e3597f0c0662e14ba7,No,1510.761544,0xa086af24bddec891834f15bfb1c40614e7412a2f8e73fabba10daee24025c514
14,2019-04-25T19:45:28.000Z,0x974d012bfbf0ea561063c08fd39c68326b33f83b,No,82685.11012,0xea9ef41d17980070cc24e0e34489f801f24c44225c4e66a375535611a4f5b76b
14,2019-04-25T20:42:04.000Z,0x471c1bbf19cd5a7b57e66f82a5b0d1668c8d65f9,Yes,175264.7994,0x2fb60998abc226e922de16049c8f4fa8fbb2626461fd0c2c6a28b15fcc340c2e
14,2019-04-25T20:54:02.000Z,0x370ceca4fc1287ed99924bba76259f6c771a6022,No,76593.51492,0x8561d1c0f032511c1c57cd2edcfb9b60615c2871d0f07257bd26f78b05782785
14,2019-04-25T20:57:30.000Z,0x839395e20bbb182fa440d08f850e6c7a8f6f0780,No,5762.342012,0x5242254fa8a9169c11ac6901deba518bc34c76b46a2802303a2333e4bfab2122
14,2019-04-25T21:07:52.000Z,0xa34f16c747e7eb21a32c28bde173c2fb099c70a1,Yes,67269.23193,0xa2a703c13a4b7d1e4579d172ef19d94c17da620782cf75bbb3c96d9fe7811d7b
14,2019-04-25T21:34:19.000Z,0xf83775c95a00612d4cac5053dd484ffa81bae0ad,No,15,0x61049556c971a22aa32928e7426b45f9b0208c517c51fe51cd3e69ce994b0da3
14,2019-04-25T21:36:42.000Z,0x1defc86fa2e22289cf32fb487b48e9f101be6b1c,No,293.7098923,0xb2de5e5c1c6b572e75eaf7ec8cd0473d9b8e976d8b136ff56b3443783fbf6e8c
14,2019-04-25T22:18:01.000Z,0x702eccb2b9bf886e27b0698601dc735501b9b546,Yes,89575.16863,0xb05e51514cfe99e2138f4905a8ecbb3e6d26d7891b10f96e12f15abd2fa07f8a
14,2019-04-25T23:11:40.000Z,0x7b2e78d4dfaaba045a167a70da285e30e8fca196,Yes,20,0x59be6dac38603491433063fe68fa4d60cbe326daa15e6b7877851a446e24e617
14,2019-04-25T23:36:09.000Z,0x6c0b6a5ac81e07f89238da658a9f0e61be6a0076,No,5000,0x3763102b832d4ed6187259f87f3d4b2dac520b48621237ad670c4ea2c3c49964
14,2019-04-26T01:29:56.000Z,0xbf15bd159ae5b410c4b7d4ae0230fb81f2f21cf1,No,29000,0xf9adf16b1febded4a41e1c755eb27e78e19c28239b27fa4ec1198d3655289573
14,2019-04-26T01:58:30.000Z,0x0fd297255ec21fbb88dee67cb8bbc372a593c539,No,338.8166126,0xbdccb0cfd4d852c0a257841f4ad2185d45367dbef7aee645f525665e5e9e372f
14,2019-04-26T02:34:16.000Z,0x51343c13216afbbc0202b824ad532bdda1e222a9,Yes,105,0xe7dac7bd66cc1d9dce97f89e6b010dbd52dca3fbd5dd9219ae233e6f8d4af0f0
14,2019-04-26T03:26:23.000Z,0xfa75cb0cfda814f7d49891bcdd28308c31e72d63,Yes,880.5850342,0x4fb941e7ed7d77b3dbc1e751c3eb5fc175058e236c91e3473fab4ad1cd417d14
14,2019-04-26T04:38:24.000Z,0x67a16655c1c46f8822726e989751817c49f29054,Yes,2395.103593,0x5f67e21b6f7718b0bd62939aa7f89feb0f38c69f9062e5f4c30af0f3a1f16f43
14,2019-04-26T04:41:58.000Z,0xe7f3722a36f1a08c4db998122553785d94081ebf,No,198.7,0x0e923ab0fb489acaee21dae09abafaf29883d290416b4b8a9a82a494df9ded8f
14,2019-04-26T05:54:48.000Z,0xdd1cbf1cbf81c45c6581d5b870e035a5fe7205d4,No,193515.2857,0x986c35303dc6782b605d35097b9387497504fc33437aae379dd7f5544f100384
14,2019-04-26T07:37:14.000Z,0xd395d4a9753310f3940de2673c70c251224e3d07,No,0.05363874,0x0083e8b387bb2612f2a0ee9699a1adfca3eb113b05b4cd5b9c4b2a416788d19c
14,2019-04-26T08:45:54.000Z,0x1a597758300f1a7bc253d9b1f3e4d15f9bfbe05e,Yes,11190.60615,0x76b7f58aa7dd3fa571c5fd2a67c4e2bc4b86eebcb1b7b045bbbf1de0edca6362
14,2019-04-26T09:08:59.000Z,0xdd36c6c74abd4fef4ebcfb42d4622435d5f2c5f0,Yes,80000,0x402328cfcf371f9147896bf8506c3a57c502f549bd69d0967ac59fbdd9bb936d
14,2019-04-26T09:38:04.000Z,0x00e3f8e167e5de09ec6bb58db232760750ac12e5,No,2000,0x373abc048eabd2eb5c2c170a1467c0e36353189eb74145712da269f406e4c65c
14,2019-04-26T09:49:57.000Z,0x88f1706c20d94a4d1551c5f799c9e3380a24c3ac,No,290.68679,0xfc40cc8f134c3d1267d5050935f68709f726e0514e959269d4f51986f328b082
14,2019-04-26T10:04:57.000Z,0x9dcb907faf7e00345beb97cc8395ba89a20be5b9,No,5243.103691,0x2e374ceb1eb07e765571770f1bb401ed40152e6af87d36462bda1ba650c6fd37
14,2019-04-26T10:11:46.000Z,0x51f6c2f8be5ca8bb075c7eb9dd25b2aa0dd37af3,No,4446.115693,0x1c365fb5ce03379badd53c5af768cd7178e0986043273c6e39178f5b014e3bf2
14,2019-04-26T11:12:16.000Z,0x47e317b00862fa05ffc5d0c063dfcd45e9c5e456,No,3670.12,0xf9347eb502aa23d1b6d4b59fcb7168e15257b86407c25805456615e363e0e3a2
14,2019-04-26T11:58:25.000Z,0x52ccabeebd9a77c2c8fbf03924f3f2870bcf6f1c,No,226.3003175,0xae83e0470b45077d1997df79441c28ac1c0219775867a1fc680b3aae6ba29ec3
14,2019-04-26T12:56:56.000Z,0xb79223e868871dbac27e8e301f73734abd4cc628,No,5248.35,0xdcec84ccc59fcbfa3c81b8532be0d264790dde884adf6d92a9ec4593d9b93d3e
14,2019-04-26T14:09:12.000Z,0x625236038836cecc532664915bd0399647e7826b,No,100,0xff281c01c35ff89806f0c334d530717f9c0d58b6a0e4ca0d1d921927e82e7463
14,2019-04-26T14:12:24.000Z,0x9e889af7167f7dcbbb5cdafe947f1392b31b2357,No,17.7,0x473a18b96830459540abe9dfc1824d77a66f877d3c61c8fd907f5e937fbce945
14,2019-04-26T15:21:35.000Z,0x30043aabbcebbd887437ec4f0cfe6d4c0eb5cc64,No,1999.99,0x1daf686f412c70ebd1ba37ff99d1e726f8d6357faace8003d6de3748de808ccc
14,2019-04-26T15:34:15.000Z,0xe1ad30971b83c17e2a24c0334cb45f808abebc87,Yes,31300,0x8b3497069b39ea7778a0a28adc9fba074f710a088b976f185d99fb43bf2f6686
14,2019-04-26T16:16:35.000Z,0xe3a44dd2a8c108be56a78635121ec914074da16d,No,375,0xac6e12a1deef139392334a2136d410350b96f3792517f3f3a6d671705d783d93
14,2019-04-26T17:10:44.000Z,0x583da21ad0c1171ae4b6cf24d92c46f033a0a794,Yes,223.0599262,0x24070090da61efbbebbd4240756105448a53d16d186797942a19825428fc54db
14,2019-04-26T17:20:41.000Z,0x450c0c90706a8cc664e8b496711370b43415715d,No,47548.26097,0xccb98b8f8a5c47675f2449c0ae885c801edb3c26baaed55f2c08c44f69354b8a
14,2019-04-26T18:21:52.000Z,0xbfc7cae0fad9b346270ae8fde24827d2d779ef07,No,218.4081505,0x67b959da91606eb81d9e6a77c8d1e27cbcca6d4125aba17661791b33b3779ff9
14,2019-04-26T19:41:25.000Z,0x7bfee91193d9df2ac0bfe90191d40f23c773c060,Yes,4688.068149,0x044269c1053b2dc6285649004b9bce325201c93621c64ff977ce8531eab3e8ed
14,2019-04-26T20:09:38.000Z,0xdbaa8b3ae4409348e7159b0966641d29381ad783,No,282.4342279,0x72f91ce9dd5e78a2564d2d4e1dc36d7c7ebee6c0b5801bc1e0ecab3ed81384c5
14,2019-04-26T20:58:12.000Z,0x662127bf82b794a26b7ddb6b495f6a5a20b81738,Yes,1,0x8ffa9dfd62f82166c11028159c9f7bed4c6ad5864a2805e9d301b356a158bf7d
14,2019-04-26T21:18:36.000Z,0x22acb809d08ae7c79f0b84513efce0577acfe514,Yes,16551.13398,0x146ead26b2d289e750f09ccf47d25aebace5336f71fd1da83efe9f728af4e608
14,2019-04-27T02:06:40.000Z,0x5a36c5bb86b1d8037576fda54422e60823067063,Yes,0.72238671,0x1e877a55fb07e77e0a56bdcac9919c007a5aeae9da3ea6d514b51a4d57996da7
14,2019-04-27T02:26:29.000Z,0x88f1706c20d94a4d1551c5f799c9e3380a24c3ac,Yes,290.68679,0x3fd943db7cc869034428fefab86b3d6b3ba718dc46bcb3cf171c69e49dc6862f
14,2019-04-27T05:23:51.000Z,0xee2826453a4fd5afeb7ceffeef3ffa2320081268,Yes,50000,0xf21af63ff517c6e1a39cfdf246e983bc4749d7e2c88dccb3dc80378db26a458e
14,2019-04-27T08:01:53.000Z,0xa4887ea048a49b34ee531fb43113ecaf930445e3,Yes,400,0x7da9a7bb362f0872066a101647a825aff6fb1f969525cad26c2a0267431821c9
14,2019-04-27T09:56:40.000Z,0x55a16a377f1ad57f641c92c5c3b6307a86fcb8bf,No,14.28831066,0x84d56f2f3a64fd5a120b119a07305326ad81d2a9da94d7f1feec993823a278f4
14,2019-04-27T10:56:28.000Z,0xa1b02d8c67b0fdcf4e379855868deb470e169cfb,No,8,0xd1abbd129fc3e469a9d737a1592a5013f9007f1d1f89acd822313aa5a80a6c33
14,2019-04-27T11:02:05.000Z,0x4c4d2ac40721aa756970401d57af0e237a3fd607,No,15,0xcc761c762d3551f1007b9579cf5d3a7b2f16d6f4806cfde5cf98d6659180b91f
14,2019-04-27T11:44:03.000Z,0x003dc32fe920a4aaeed12dc87e145f030aa753f3,No,4005,0x1e1df125a44e6bf4223dfbbdf93ba179a811a843135267441f2a8141ddcdf8d6
14,2019-04-27T12:37:13.000Z,0x8b6a9b7c8d8ed99ff02314f779f5a1b7e8474548,No,20000,0x51b7eb3c3c90c6c04bdb4d78eccd7168ac2d621970b06605cf8e85109ad85d4a
14,2019-04-27T13:18:57.000Z,0xa08d4ca03aa7e83785d6eaf386f0b2ddbefcb482,Yes,10376.03023,0xfaeb7e217858693576ba685a522cac8e4dd86bdffdd6f967ec6b5b20885a96ce
14,2019-04-27T13:41:08.000Z,0xd8265cc1d176a0d734834a0f60d9d2d53bae66f6,No,792191,0xf8e78f0714e8902371c3db8b4e808a5a37ef2558055e132ebed8b98c75860797
14,2019-04-27T14:41:35.000Z,0x1dffdb114e58baedbd25290a1efffa9fc3726d1f,Yes,3000,0x0f910929d59b88b93524854a97d19581097ecfc33e5f148c2c21f2c466720dc3
14,2019-04-27T14:43:53.000Z,0x0489076a0d17394835af93cd62acff703b6814a9,Yes,64191.4,0x475653b897cfa1515324c868c8210357362c8342e8b47c2ad746e84878bd5e96
14,2019-04-27T15:35:05.000Z,0x4059457092cc3812d56676df6a75fd21204fbe2f,No,1095.8,0x1b709d5fc2aadd30023c07851a7c8e4891edc7855af315eab91a6a930a2355c1
15,2019-04-25T16:28:41.000Z,0xf925fdaea552d36a5291335941ab7a046f960a80,Yes,13.7,0x6ba40dfb75cc8409a2150e13bb7c11cca43dc2c8655165131ee6290e4ba469d1
15,2019-04-25T16:30:22.000Z,0xd472fa32294977196b9ad47e7865e0d737220e32,Yes,33700.9834,0xe37c73d6f1d7b030f720c61afb9d43c116c93e036e71f1264eb54614becd26b9
15,2019-04-25T17:14:26.000Z,0xf6f90fb02fc7de2b5b0b8d198da6b84814a121da,Yes,100,0x550e68523df978e27ce2f4eeee7a009d001256638220ca47a693f7101425bc3b
15,2019-04-25T17:17:26.000Z,0xe2f35b376461e7fdd2f2e45248e4c3cd9626a933,No,4079.955477,0xd46c884ae682175fb6ab5a6f34e127b317914f6a2fffe98a1309f8f806a978f5
15,2019-04-25T18:10:51.000Z,0x0489076a0d17394835af93cd62acff703b6814a9,No,64191.4,0x452817ce6cbc87d43a63ce3b9ca53e33c54da5e5fd4fbcffabc3ee270234d5ba
15,2019-04-25T18:25:19.000Z,0x5ae336f5c5ae878f7b9a1eb3dd5169d92d8c43d3,Yes,552.8694924,0x62f46ed6a9417f67f430b23675dc3d313720f929638d5393402978f94dd8059d
15,2019-04-25T18:58:35.000Z,0x901e9ffe28c136759399025ef9d2da2ca9089bd2,Yes,474.0704343,0x6055877a8177c36e13e8967abea9ff047f9874b337df4cc131cde61a00529398
15,2019-04-25T19:05:51.000Z,0x3a0e6b374fcc051172ab4fcc3599f245bbaf02a2,No,350,0xa873e9f577faafb5d4ed4a0c927efa280c16481a21999366236d4552607f861a
15,2019-04-25T19:17:46.000Z,0x995f8ac433f4f881708c279abeabb78379e744ff,Yes,49.49098863,0x9ba81a89d8ce4a74b3f142039907157da923846fa7d228d21975d0084727901c
15,2019-04-25T19:23:42.000Z,0xc3efb7341bedae640b68f1e3597f0c0662e14ba7,No,1510.761544,0xad119e95cfb2a575be40b14f1cb21c1c3ac40b2995cbcea16f58b611c28204fa
15,2019-04-25T19:24:08.000Z,0x68f9d801c96ac6ccf562f3600cef77c4504449b6,Yes,5,0x946e07f66f7c9dd8675fb847ece5d47f590968bab24be13c23f447a0667ae041
15,2019-04-25T19:45:28.000Z,0x974d012bfbf0ea561063c08fd39c68326b33f83b,Yes,82685.11012,0x3503a96901d9ff19c822f725bc08ba2bd051129ccb6459436b3cb52d6e298121
15,2019-04-25T20:57:19.000Z,0x839395e20bbb182fa440d08f850e6c7a8f6f0780,Yes,5762.342012,0xd9f1e2a8395ebd7b388402323592ef366ca5a43eb93ecd3ee1dfac16cdf46905
15,2019-04-25T23:36:25.000Z,0x6c0b6a5ac81e07f89238da658a9f0e61be6a0076,Yes,5000,0x75ddd877acd0d3caadb61b52e760a4aad56fe0b7b0fc376d01cee79e6c8bc623
15,2019-04-26T07:37:51.000Z,0xd395d4a9753310f3940de2673c70c251224e3d07,Yes,0.05363874,0x15a0ff54acc5007368b9bf88f2ce67bf58527e26ee98cfe7c98a75a945425e7b
15,2019-04-26T08:47:14.000Z,0x1a597758300f1a7bc253d9b1f3e4d15f9bfbe05e,Yes,11190.60615,0x8d4ce955b1d56e8c866153060581e5bbcdc0df57b513682128aab2ad9ffd1834
15,2019-04-26T09:39:14.000Z,0x00e3f8e167e5de09ec6bb58db232760750ac12e5,Yes,2000,0x96a88041084594b242118c44db6211c1ae848762666ae61d511ffd6d6b919e46
15,2019-04-26T10:04:18.000Z,0x9dcb907faf7e00345beb97cc8395ba89a20be5b9,Yes,5243.103691,0x2005cdde362492b4ae2a1d2e94cd937e9fa163a42e6fc730b422b536b3fb0431
15,2019-04-26T10:11:01.000Z,0x51f6c2f8be5ca8bb075c7eb9dd25b2aa0dd37af3,Yes,4446.115693,0x2a66b07fe12617f9553cdbcf123a7f8abb3e041bc7a22b654b340013e315f414
15,2019-04-26T11:59:08.000Z,0x52ccabeebd9a77c2c8fbf03924f3f2870bcf6f1c,No,226.3003175,0x4f468382240486afeba81341f2c6dbd7e8c79bcb755087d473b5da9a01e00d6a
15,2019-04-26T15:05:57.000Z,0x625236038836cecc532664915bd0399647e7826b,Yes,100,0x489f1018adc5d600f571450cd28a2469670b687b5a535f48bd3fa84c097420ef
15,2019-04-26T15:35:00.000Z,0x30043aabbcebbd887437ec4f0cfe6d4c0eb5cc64,Yes,1999.99,0x3112dc83f59f7577f61b984e2d55e49d8164807e2defa0a59c5a9b496df54875
15,2019-04-26T16:15:02.000Z,0xe3a44dd2a8c108be56a78635121ec914074da16d,Yes,375,0xeb2e51841116c079f3ff8bade81eda46db25b2d7a8dfb95d00b6ace0f5955b72
15,2019-04-26T17:11:35.000Z,0x583da21ad0c1171ae4b6cf24d92c46f033a0a794,Yes,223.0599262,0x7bfc05c6430484f2ca6407a1dc41fcd7fa1ceb578244ba77ae1ed6f31ccb2ba4
15,2019-04-26T18:24:39.000Z,0xbfc7cae0fad9b346270ae8fde24827d2d779ef07,No,218.4081505,0xb57db8c2008420bc67eb2908c2a9caef201e8abcba5dde0d3ba767a1cc546307
15,2019-04-26T20:55:28.000Z,0x662127bf82b794a26b7ddb6b495f6a5a20b81738,Yes,1,0x25a15b7d06e559a93d6719f3399b0b5927c54774862b2b7318d789ece3b90055
15,2019-04-27T12:45:02.000Z,0x8b6a9b7c8d8ed99ff02314f779f5a1b7e8474548,Yes,20000,0x6cbfacf247cc2b1ac87e791d78de6ed05790b26810230b8dbac87c135c6cc903
15,2019-04-27T13:41:54.000Z,0xd8265cc1d176a0d734834a0f60d9d2d53bae66f6,Yes,792191,0x7f92999ef067bb194d92699c6faf3c0111d9791bafdd7760463828fb883f8a86
15,2019-04-27T14:25:04.000Z,0x1dffdb114e58baedbd25290a1efffa9fc3726d1f,Yes,3000,0x6181d270f8d2d022fd5d7bee74ead729255d568e21a398f57940b1a7ab4f279e